[{"path":"src\\fe_h5_study_together\\src\\components\\Coins\\Coins.tsx","id":"src_fe_h5_study_together_src_components_Coins_Coins_tsx-137-18","raw":"      Toast.show('拥有同桌后才能领取哦~')\r","chn":"拥有同桌后才能领取哦","lineNum":137,"startAt":18,"length":10},{"path":"src\\fe_h5_study_together\\src\\components\\Coins\\Coins.tsx","id":"src_fe_h5_study_together_src_components_Coins_Coins_tsx-139-18","raw":"      Toast.show('今天还没有打卡哦~\\n打卡后再来领取吧~')\r","chn":"今天还没有打卡哦","lineNum":139,"startAt":18,"length":8},{"path":"src\\fe_h5_study_together\\src\\components\\Coins\\Coins.tsx","id":"src_fe_h5_study_together_src_components_Coins_Coins_tsx-139-29","raw":"      Toast.show('今天还没有打卡哦~\\n打卡后再来领取吧~')\r","chn":"打卡后再来领取吧","lineNum":139,"startAt":29,"length":8},{"path":"src\\fe_h5_study_together\\src\\components\\Coins\\Coins.tsx","id":"src_fe_h5_study_together_src_components_Coins_Coins_tsx-162-18","raw":"      Toast.show('拥有同桌后才能领取哦~')\r","chn":"拥有同桌后才能领取哦","lineNum":162,"startAt":18,"length":10},{"path":"src\\fe_h5_study_together\\src\\components\\Coins\\Coins.tsx","id":"src_fe_h5_study_together_src_components_Coins_Coins_tsx-164-18","raw":"      Toast.show('同桌今天还没有打卡哦~')\r","chn":"同桌今天还没有打卡哦","lineNum":164,"startAt":18,"length":10},{"path":"src\\fe_h5_study_together\\src\\components\\Coins\\Coins.tsx","id":"src_fe_h5_study_together_src_components_Coins_Coins_tsx-187-18","raw":"      Toast.show('加入小班后才能领取哦~')\r","chn":"加入小班后才能领取哦","lineNum":187,"startAt":18,"length":10},{"path":"src\\fe_h5_study_together\\src\\components\\Coins\\Coins.tsx","id":"src_fe_h5_study_together_src_components_Coins_Coins_tsx-189-18","raw":"      Toast.show('今天还没有打卡哦~\\n打卡后再来领取吧~')\r","chn":"今天还没有打卡哦","lineNum":189,"startAt":18,"length":8},{"path":"src\\fe_h5_study_together\\src\\components\\Coins\\Coins.tsx","id":"src_fe_h5_study_together_src_components_Coins_Coins_tsx-189-29","raw":"      Toast.show('今天还没有打卡哦~\\n打卡后再来领取吧~')\r","chn":"打卡后再来领取吧","lineNum":189,"startAt":29,"length":8},{"path":"src\\fe_h5_study_together\\src\\components\\Coins\\Coins.tsx","id":"src_fe_h5_study_together_src_components_Coins_Coins_tsx-211-18","raw":"      Toast.show('加入普通小班后才能领取哦~')\r","chn":"加入普通小班后才能领取哦","lineNum":211,"startAt":18,"length":12},{"path":"src\\fe_h5_study_together\\src\\components\\Coins\\Coins.tsx","id":"src_fe_h5_study_together_src_components_Coins_Coins_tsx-213-18","raw":"      Toast.show('今天还没有打卡哦~\\n打卡后再来领取吧~')\r","chn":"今天还没有打卡哦","lineNum":213,"startAt":18,"length":8},{"path":"src\\fe_h5_study_together\\src\\components\\Coins\\Coins.tsx","id":"src_fe_h5_study_together_src_components_Coins_Coins_tsx-213-29","raw":"      Toast.show('今天还没有打卡哦~\\n打卡后再来领取吧~')\r","chn":"打卡后再来领取吧","lineNum":213,"startAt":29,"length":8},{"path":"src\\fe_h5_study_together\\src\\components\\Flag\\Flag.tsx","id":"src_fe_h5_study_together_src_components_Flag_Flag_tsx-45-35","raw":"        <div className={x('text')}>今日</div>\r","chn":"今日","lineNum":45,"startAt":35,"length":2},{"path":"src\\fe_h5_study_together\\src\\components\\Flag\\Flag.tsx","id":"src_fe_h5_study_together_src_components_Flag_Flag_tsx-48-16","raw":"          <span>人</span> 正在一起背\r","chn":"人","lineNum":48,"startAt":16,"length":1},{"path":"src\\fe_h5_study_together\\src\\components\\Flag\\Flag.tsx","id":"src_fe_h5_study_together_src_components_Flag_Flag_tsx-48-25","raw":"          <span>人</span> 正在一起背\r","chn":"正在一起背","lineNum":48,"startAt":25,"length":5},{"path":"src\\fe_h5_study_together\\src\\components\\Mashroom\\Loading.tsx","id":"src_fe_h5_study_together_src_components_Mashroom_Loading_tsx-39-34","raw":"    if (type === 'angry') return '网真慢！…'\r","chn":"网真慢！","lineNum":39,"startAt":34,"length":4},{"path":"src\\fe_h5_study_together\\src\\components\\Mashroom\\Loading.tsx","id":"src_fe_h5_study_together_src_components_Mashroom_Loading_tsx-40-33","raw":"    if (type === 'cool') return '帅气加载中...'\r","chn":"帅气加载中","lineNum":40,"startAt":33,"length":5},{"path":"src\\fe_h5_study_together\\src\\components\\Mashroom\\Loading.tsx","id":"src_fe_h5_study_together_src_components_Mashroom_Loading_tsx-41-38","raw":"    if (type === 'terrified') return '诶，还在这？...'\r","chn":"诶，还在这？","lineNum":41,"startAt":38,"length":6},{"path":"src\\fe_h5_study_together\\src\\components\\Mashroom\\Loading.tsx","id":"src_fe_h5_study_together_src_components_Mashroom_Loading_tsx-42-12","raw":"    return '微笑等待...'\r","chn":"微笑等待","lineNum":42,"startAt":12,"length":4},{"path":"src\\fe_h5_study_together\\src\\configs\\env.ts","id":"src_fe_h5_study_together_src_configs_env_ts-14-29","raw":"export const UPGRADE_TIPS = '客户端版本过低，请先更新' as const\r","chn":"客户端版本过低，请先更新","lineNum":14,"startAt":29,"length":12},{"path":"src\\fe_h5_study_together\\src\\pages\\mission\\mission.tsx","id":"src_fe_h5_study_together_src_pages_mission_mission_tsx-43-22","raw":"    setDocumentTitle('任务中心')\r","chn":"任务中心","lineNum":43,"startAt":22,"length":4},{"path":"src\\fe_h5_study_together\\src\\pages\\mission\\mission.tsx","id":"src_fe_h5_study_together_src_pages_mission_mission_tsx-171-21","raw":"    else Toast.show('暂未开放')\r","chn":"暂未开放","lineNum":171,"startAt":21,"length":4},{"path":"src\\fe_h5_study_together\\src\\pages\\mission\\mission.tsx","id":"src_fe_h5_study_together_src_pages_mission_mission_tsx-217-12","raw":"            前往\r","chn":"前往","lineNum":217,"startAt":12,"length":2},{"path":"src\\fe_h5_study_together\\src\\pages\\mission\\mission.tsx","id":"src_fe_h5_study_together_src_pages_mission_mission_tsx-226-54","raw":"            {loading ? <Loading color=\"#141822\" /> : '领取'}\r","chn":"领取","lineNum":226,"startAt":54,"length":2},{"path":"src\\fe_h5_study_together\\src\\pages\\mission\\mission.tsx","id":"src_fe_h5_study_together_src_pages_mission_mission_tsx-251-50","raw":"        {!title && <div className={y('congrats')}>恭喜你获得</div>}\r","chn":"恭喜你获得","lineNum":251,"startAt":50,"length":5},{"path":"src\\fe_h5_study_together\\src\\pages\\mission\\mission.tsx","id":"src_fe_h5_study_together_src_pages_mission_mission_tsx-263-16","raw":"          <span>知道了</span>\r","chn":"知道了","lineNum":263,"startAt":16,"length":3}]