[{"path":"src\\fe_h5_my_friends\\src\\components\\Card\\Card.tsx","id":"src_fe_h5_my_friends_src_components_Card_Card_tsx-78-38","raw":"              : `${userData?.grade} ｜ 打卡${userData?.dakaDays}天 ｜ ${userData?.bookName}`}\r","chn":"打卡","lineNum":78,"startAt":38,"length":2},{"path":"src\\fe_h5_my_friends\\src\\components\\Card\\Card.tsx","id":"src_fe_h5_my_friends_src_components_Card_Card_tsx-78-61","raw":"              : `${userData?.grade} ｜ 打卡${userData?.dakaDays}天 ｜ ${userData?.bookName}`}\r","chn":"天","lineNum":78,"startAt":61,"length":1},{"path":"src\\fe_h5_my_friends\\src\\components\\loading\\index.tsx","id":"src_fe_h5_my_friends_src_components_loading_index_tsx-41-36","raw":"      <div className={style.text}>{'努力加载中'}</div>\r","chn":"努力加载中","lineNum":41,"startAt":36,"length":5},{"path":"src\\fe_h5_my_friends\\src\\components\\loading\\index.tsx","id":"src_fe_h5_my_friends_src_components_loading_index_tsx-42-36","raw":"      <div className={style.text}>{'···'}</div>\r","chn":"···","lineNum":42,"startAt":36,"length":3},{"path":"src\\fe_h5_my_friends\\src\\components\\Mashroom\\Loading.tsx","id":"src_fe_h5_my_friends_src_components_Mashroom_Loading_tsx-39-34","raw":"    if (type === 'angry') return '网真慢！…'\r","chn":"网真慢！","lineNum":39,"startAt":34,"length":4},{"path":"src\\fe_h5_my_friends\\src\\components\\Mashroom\\Loading.tsx","id":"src_fe_h5_my_friends_src_components_Mashroom_Loading_tsx-40-33","raw":"    if (type === 'cool') return '帅气加载中...'\r","chn":"帅气加载中","lineNum":40,"startAt":33,"length":5},{"path":"src\\fe_h5_my_friends\\src\\components\\Mashroom\\Loading.tsx","id":"src_fe_h5_my_friends_src_components_Mashroom_Loading_tsx-41-38","raw":"    if (type === 'terrified') return '诶，还在这？...'\r","chn":"诶，还在这？","lineNum":41,"startAt":38,"length":6},{"path":"src\\fe_h5_my_friends\\src\\components\\Mashroom\\Loading.tsx","id":"src_fe_h5_my_friends_src_components_Mashroom_Loading_tsx-42-12","raw":"    return '微笑等待...'\r","chn":"微笑等待","lineNum":42,"startAt":12,"length":4},{"path":"src\\fe_h5_my_friends\\src\\configs\\env.ts","id":"src_fe_h5_my_friends_src_configs_env_ts-14-29","raw":"export const UPGRADE_TIPS = '客户端版本过低，请先更新'\r","chn":"客户端版本过低，请先更新","lineNum":14,"startAt":29,"length":12},{"path":"src\\fe_h5_my_friends\\src\\pages\\AddFriend\\AddFriend.tsx","id":"src_fe_h5_my_friends_src_pages_AddFriend_AddFriend_tsx-31-11","raw":"  { name: '推荐', filter: () => true, na: '', resource: 'others' },\r","chn":"推荐","lineNum":31,"startAt":11,"length":2},{"path":"src\\fe_h5_my_friends\\src\\pages\\AddFriend\\AddFriend.tsx","id":"src_fe_h5_my_friends_src_pages_AddFriend_AddFriend_tsx-33-11","raw":"    name: '同桌',\r","chn":"同桌","lineNum":33,"startAt":11,"length":2},{"path":"src\\fe_h5_my_friends\\src\\pages\\AddFriend\\AddFriend.tsx","id":"src_fe_h5_my_friends_src_pages_AddFriend_AddFriend_tsx-34-50","raw":"    filter: o => o.behaviorTags.join('').indexOf('同桌') >= 0,\r","chn":"同桌","lineNum":34,"startAt":50,"length":2},{"path":"src\\fe_h5_my_friends\\src\\pages\\AddFriend\\AddFriend.tsx","id":"src_fe_h5_my_friends_src_pages_AddFriend_AddFriend_tsx-35-9","raw":"    na: '你还没有同桌哦~\\n和同桌一起背，平均每月多坚持14天哦~',\r","chn":"你还没有同桌哦","lineNum":35,"startAt":9,"length":7},{"path":"src\\fe_h5_my_friends\\src\\pages\\AddFriend\\AddFriend.tsx","id":"src_fe_h5_my_friends_src_pages_AddFriend_AddFriend_tsx-35-19","raw":"    na: '你还没有同桌哦~\\n和同桌一起背，平均每月多坚持14天哦~',\r","chn":"和同桌一起背，平均每月多坚持","lineNum":35,"startAt":19,"length":14},{"path":"src\\fe_h5_my_friends\\src\\pages\\AddFriend\\AddFriend.tsx","id":"src_fe_h5_my_friends_src_pages_AddFriend_AddFriend_tsx-35-35","raw":"    na: '你还没有同桌哦~\\n和同桌一起背，平均每月多坚持14天哦~',\r","chn":"天哦","lineNum":35,"startAt":35,"length":2},{"path":"src\\fe_h5_my_friends\\src\\pages\\AddFriend\\AddFriend.tsx","id":"src_fe_h5_my_friends_src_pages_AddFriend_AddFriend_tsx-39-11","raw":"    name: '小班',\r","chn":"小班","lineNum":39,"startAt":11,"length":2},{"path":"src\\fe_h5_my_friends\\src\\pages\\AddFriend\\AddFriend.tsx","id":"src_fe_h5_my_friends_src_pages_AddFriend_AddFriend_tsx-40-50","raw":"    filter: o => o.behaviorTags.join('').indexOf('小班') >= 0,\r","chn":"小班","lineNum":40,"startAt":50,"length":2},{"path":"src\\fe_h5_my_friends\\src\\pages\\AddFriend\\AddFriend.tsx","id":"src_fe_h5_my_friends_src_pages_AddFriend_AddFriend_tsx-41-9","raw":"    na: '你还没有加入小班哦~\\n加入小班一起背，人多更好坚持！',\r","chn":"你还没有加入小班哦","lineNum":41,"startAt":9,"length":9},{"path":"src\\fe_h5_my_friends\\src\\pages\\AddFriend\\AddFriend.tsx","id":"src_fe_h5_my_friends_src_pages_AddFriend_AddFriend_tsx-41-21","raw":"    na: '你还没有加入小班哦~\\n加入小班一起背，人多更好坚持！',\r","chn":"加入小班一起背，人多更好坚持！","lineNum":41,"startAt":21,"length":15},{"path":"src\\fe_h5_my_friends\\src\\pages\\AddFriend\\AddFriend.tsx","id":"src_fe_h5_my_friends_src_pages_AddFriend_AddFriend_tsx-47-20","raw":"  useDocumentTitle('添加好友')\r","chn":"添加好友","lineNum":47,"startAt":20,"length":4},{"path":"src\\fe_h5_my_friends\\src\\pages\\AddFriend\\AddFriend.tsx","id":"src_fe_h5_my_friends_src_pages_AddFriend_AddFriend_tsx-87-37","raw":"              <div className=\"title\">添加好友</div>\r","chn":"添加好友","lineNum":87,"startAt":37,"length":4},{"path":"src\\fe_h5_my_friends\\src\\pages\\AddFriend\\AddFriend.tsx","id":"src_fe_h5_my_friends_src_pages_AddFriend_AddFriend_tsx-97-29","raw":"                placeholder=\"请输入好友的百词斩ID\"\r","chn":"请输入好友的百词斩","lineNum":97,"startAt":29,"length":9},{"path":"src\\fe_h5_my_friends\\src\\pages\\AddFriend\\AddFriend.tsx","id":"src_fe_h5_my_friends_src_pages_AddFriend_AddFriend_tsx-132-41","raw":"                        throw new Error('请输入有效的百词斩ID')\r","chn":"请输入有效的百词斩","lineNum":132,"startAt":41,"length":9},{"path":"src\\fe_h5_my_friends\\src\\pages\\AddFriend\\AddFriend.tsx","id":"src_fe_h5_my_friends_src_pages_AddFriend_AddFriend_tsx-185-46","raw":"                              : [<Tag text=\"Ta很神秘，没留下标签\" color=\"gray\" key=\"o\" />]\r","chn":"很神秘，没留下标签","lineNum":185,"startAt":46,"length":9},{"path":"src\\fe_h5_my_friends\\src\\pages\\AddFriend\\AddFriend.tsx","id":"src_fe_h5_my_friends_src_pages_AddFriend_AddFriend_tsx-194-67","raw":"                                const haveDeskmate = tags.indexOf('同桌') >= 0\r","chn":"同桌","lineNum":194,"startAt":67,"length":2},{"path":"src\\fe_h5_my_friends\\src\\pages\\AddFriend\\AddFriend.tsx","id":"src_fe_h5_my_friends_src_pages_AddFriend_AddFriend_tsx-195-64","raw":"                                const haveClass = tags.indexOf('小班') >= 0\r","chn":"小班","lineNum":195,"startAt":64,"length":2},{"path":"src\\fe_h5_my_friends\\src\\pages\\AddFriend\\AddFriend.tsx","id":"src_fe_h5_my_friends_src_pages_AddFriend_AddFriend_tsx-215-47","raw":"                              {person.apply ? '已申请' : '加好友'}\r","chn":"已申请","lineNum":215,"startAt":47,"length":3},{"path":"src\\fe_h5_my_friends\\src\\pages\\AddFriend\\AddFriend.tsx","id":"src_fe_h5_my_friends_src_pages_AddFriend_AddFriend_tsx-215-55","raw":"                              {person.apply ? '已申请' : '加好友'}\r","chn":"加好友","lineNum":215,"startAt":55,"length":3},{"path":"src\\fe_h5_my_friends\\src\\pages\\Audit\\Audit.tsx","id":"src_fe_h5_my_friends_src_pages_Audit_Audit_tsx-20-20","raw":"  useDocumentTitle('好友申请')\r","chn":"好友申请","lineNum":20,"startAt":20,"length":4},{"path":"src\\fe_h5_my_friends\\src\\pages\\Audit\\Audit.tsx","id":"src_fe_h5_my_friends_src_pages_Audit_Audit_tsx-53-20","raw":"              <span>好友申请</span>\r","chn":"好友申请","lineNum":53,"startAt":20,"length":4},{"path":"src\\fe_h5_my_friends\\src\\pages\\Audit\\Audit.tsx","id":"src_fe_h5_my_friends_src_pages_Audit_Audit_tsx-63-20","raw":"              <span>一键清空</span>\r","chn":"一键清空","lineNum":63,"startAt":20,"length":4},{"path":"src\\fe_h5_my_friends\\src\\pages\\Audit\\Audit.tsx","id":"src_fe_h5_my_friends_src_pages_Audit_Audit_tsx-68-48","raw":"        {!_applyList.length && <NoContent text=\"你暂时没有收到任何好友申请哦~\" />}\r","chn":"你暂时没有收到任何好友申请哦","lineNum":68,"startAt":48,"length":14},{"path":"src\\fe_h5_my_friends\\src\\pages\\Audit\\Audit.tsx","id":"src_fe_h5_my_friends_src_pages_Audit_Audit_tsx-83-54","raw":"                  tags?.length ? tags : [<Tag text=\"Ta很神秘，没留下标签\" color=\"gray\" key=\"o\" />]\r","chn":"很神秘，没留下标签","lineNum":83,"startAt":54,"length":9},{"path":"src\\fe_h5_my_friends\\src\\pages\\Audit\\Audit.tsx","id":"src_fe_h5_my_friends_src_pages_Audit_Audit_tsx-100-32","raw":"                    {o.apply ? '已通过' : '通过'}\r","chn":"已通过","lineNum":100,"startAt":32,"length":3},{"path":"src\\fe_h5_my_friends\\src\\pages\\Audit\\Audit.tsx","id":"src_fe_h5_my_friends_src_pages_Audit_Audit_tsx-100-40","raw":"                    {o.apply ? '已通过' : '通过'}\r","chn":"通过","lineNum":100,"startAt":40,"length":2},{"path":"src\\fe_h5_my_friends\\src\\pages\\Blacklist\\Blacklist.tsx","id":"src_fe_h5_my_friends_src_pages_Blacklist_Blacklist_tsx-12-20","raw":"  useDocumentTitle('黑名单')\r","chn":"黑名单","lineNum":12,"startAt":20,"length":3},{"path":"src\\fe_h5_my_friends\\src\\pages\\Blacklist\\Blacklist.tsx","id":"src_fe_h5_my_friends_src_pages_Blacklist_Blacklist_tsx-22-20","raw":"              <span>黑名单</span>\r","chn":"黑名单","lineNum":22,"startAt":20,"length":3},{"path":"src\\fe_h5_my_friends\\src\\pages\\Blacklist\\Blacklist.tsx","id":"src_fe_h5_my_friends_src_pages_Blacklist_Blacklist_tsx-27-53","raw":"        {!blackList?.list.length && <NoContent text=\"你还没有拉黑过其他人\" />}\r","chn":"你还没有拉黑过其他人","lineNum":27,"startAt":53,"length":10},{"path":"src\\fe_h5_my_friends\\src\\pages\\Blacklist\\Blacklist.tsx","id":"src_fe_h5_my_friends_src_pages_Blacklist_Blacklist_tsx-35-34","raw":"                tags={[<Tag text=\"老死不相往来ಠ_ಠ\" color=\"gray\" key=\"o\" />]}\r","chn":"老死不相往来","lineNum":35,"startAt":34,"length":6},{"path":"src\\fe_h5_my_friends\\src\\pages\\MainPage\\MainPage.tsx","id":"src_fe_h5_my_friends_src_pages_MainPage_MainPage_tsx-28-19","raw":"  if (str.indexOf('同桌') >= 0) return 'deskmate'\r","chn":"同桌","lineNum":28,"startAt":19,"length":2},{"path":"src\\fe_h5_my_friends\\src\\pages\\MainPage\\MainPage.tsx","id":"src_fe_h5_my_friends_src_pages_MainPage_MainPage_tsx-29-19","raw":"  if (str.indexOf('小班') >= 0) return 'class'\r","chn":"小班","lineNum":29,"startAt":19,"length":2},{"path":"src\\fe_h5_my_friends\\src\\pages\\MainPage\\MainPage.tsx","id":"src_fe_h5_my_friends_src_pages_MainPage_MainPage_tsx-34-20","raw":"  useDocumentTitle('我的好友')\r","chn":"我的好友","lineNum":34,"startAt":20,"length":4},{"path":"src\\fe_h5_my_friends\\src\\pages\\MainPage\\MainPage.tsx","id":"src_fe_h5_my_friends_src_pages_MainPage_MainPage_tsx-106-22","raw":"                <span>好友</span>\r","chn":"好友","lineNum":106,"startAt":22,"length":2},{"path":"src\\fe_h5_my_friends\\src\\pages\\MainPage\\MainPage.tsx","id":"src_fe_h5_my_friends_src_pages_MainPage_MainPage_tsx-139-26","raw":"                          添加好友\r","chn":"添加好友","lineNum":139,"startAt":26,"length":4},{"path":"src\\fe_h5_my_friends\\src\\pages\\MainPage\\MainPage.tsx","id":"src_fe_h5_my_friends_src_pages_MainPage_MainPage_tsx-154-26","raw":"                          好友申请\r","chn":"好友申请","lineNum":154,"startAt":26,"length":4},{"path":"src\\fe_h5_my_friends\\src\\pages\\MainPage\\MainPage.tsx","id":"src_fe_h5_my_friends_src_pages_MainPage_MainPage_tsx-169-26","raw":"                          黑名单\r","chn":"黑名单","lineNum":169,"startAt":26,"length":3},{"path":"src\\fe_h5_my_friends\\src\\pages\\MainPage\\MainPage.tsx","id":"src_fe_h5_my_friends_src_pages_MainPage_MainPage_tsx-193-22","raw":"                <span>你有{friendList.newApplyCount}个新的好友申请，快去查看吧！</span>\r","chn":"你有","lineNum":193,"startAt":22,"length":2},{"path":"src\\fe_h5_my_friends\\src\\pages\\MainPage\\MainPage.tsx","id":"src_fe_h5_my_friends_src_pages_MainPage_MainPage_tsx-193-50","raw":"                <span>你有{friendList.newApplyCount}个新的好友申请，快去查看吧！</span>\r","chn":"个新的好友申请，快去查看吧！","lineNum":193,"startAt":50,"length":14},{"path":"src\\fe_h5_my_friends\\src\\pages\\MainPage\\MainPage.tsx","id":"src_fe_h5_my_friends_src_pages_MainPage_MainPage_tsx-209-38","raw":"                    color={str === 'Ta已经很久没来学习了' ? 'gray' : 'green'}\r","chn":"已经很久没来学习了","lineNum":209,"startAt":38,"length":9},{"path":"src\\fe_h5_my_friends\\src\\pages\\MainPage\\MainPage.tsx","id":"src_fe_h5_my_friends_src_pages_MainPage_MainPage_tsx-213-38","raw":"                tags.push(<Tag text={`最近7天内已背${o.score}词`} key=\"rank\" rank={rank + 1} />)\r","chn":"最近","lineNum":213,"startAt":38,"length":2},{"path":"src\\fe_h5_my_friends\\src\\pages\\MainPage\\MainPage.tsx","id":"src_fe_h5_my_friends_src_pages_MainPage_MainPage_tsx-213-41","raw":"                tags.push(<Tag text={`最近7天内已背${o.score}词`} key=\"rank\" rank={rank + 1} />)\r","chn":"天内已背","lineNum":213,"startAt":41,"length":4},{"path":"src\\fe_h5_my_friends\\src\\pages\\MainPage\\MainPage.tsx","id":"src_fe_h5_my_friends_src_pages_MainPage_MainPage_tsx-213-55","raw":"                tags.push(<Tag text={`最近7天内已背${o.score}词`} key=\"rank\" rank={rank + 1} />)\r","chn":"词","lineNum":213,"startAt":55,"length":1},{"path":"src\\fe_h5_my_friends\\src\\pages\\MainPage\\MainPage.tsx","id":"src_fe_h5_my_friends_src_pages_MainPage_MainPage_tsx-225-28","raw":"          <NoContent text={`添加好友\\n可以一起参加打卡活动哦~`} />\r","chn":"添加好友","lineNum":225,"startAt":28,"length":4},{"path":"src\\fe_h5_my_friends\\src\\pages\\MainPage\\MainPage.tsx","id":"src_fe_h5_my_friends_src_pages_MainPage_MainPage_tsx-225-34","raw":"          <NoContent text={`添加好友\\n可以一起参加打卡活动哦~`} />\r","chn":"可以一起参加打卡活动哦","lineNum":225,"startAt":34,"length":11},{"path":"src\\fe_h5_my_friends\\src\\pages\\MainPage\\MainPage.tsx","id":"src_fe_h5_my_friends_src_pages_MainPage_MainPage_tsx-230-37","raw":"              <div className=\"title\">推荐</div>\r","chn":"推荐","lineNum":230,"startAt":37,"length":2},{"path":"src\\fe_h5_my_friends\\src\\pages\\MainPage\\MainPage.tsx","id":"src_fe_h5_my_friends_src_pages_MainPage_MainPage_tsx-244-16","raw":"                换一批\r","chn":"换一批","lineNum":244,"startAt":16,"length":3},{"path":"src\\fe_h5_my_friends\\src\\pages\\MainPage\\MainPage.tsx","id":"src_fe_h5_my_friends_src_pages_MainPage_MainPage_tsx-263-40","raw":"                        : [<Tag text=\"Ta很神秘，没留下标签\" color=\"gray\" key=\"o\" />]\r","chn":"很神秘，没留下标签","lineNum":263,"startAt":40,"length":9},{"path":"src\\fe_h5_my_friends\\src\\pages\\MainPage\\MainPage.tsx","id":"src_fe_h5_my_friends_src_pages_MainPage_MainPage_tsx-284-36","raw":"                        {o.apply ? '已申请' : '加好友'}\r","chn":"已申请","lineNum":284,"startAt":36,"length":3},{"path":"src\\fe_h5_my_friends\\src\\pages\\MainPage\\MainPage.tsx","id":"src_fe_h5_my_friends_src_pages_MainPage_MainPage_tsx-284-44","raw":"                        {o.apply ? '已申请' : '加好友'}\r","chn":"加好友","lineNum":284,"startAt":44,"length":3},{"path":"src\\fe_h5_my_friends\\src\\RouteConfig.tsx","id":"src_fe_h5_my_friends_src_RouteConfig_tsx-11-20","raw":"  useDocumentTitle('百词斩 H5 项目 [TS]')\r","chn":"百词斩","lineNum":11,"startAt":20,"length":3},{"path":"src\\fe_h5_my_friends\\src\\RouteConfig.tsx","id":"src_fe_h5_my_friends_src_RouteConfig_tsx-11-27","raw":"  useDocumentTitle('百词斩 H5 项目 [TS]')\r","chn":"项目","lineNum":11,"startAt":27,"length":2},{"path":"src\\fe_h5_my_friends\\src\\utils\\tagHelper.ts","id":"src_fe_h5_my_friends_src_utils_tagHelper_ts-1-6","raw":"  1: '早起晨读',\r","chn":"早起晨读","lineNum":1,"startAt":6,"length":4},{"path":"src\\fe_h5_my_friends\\src\\utils\\tagHelper.ts","id":"src_fe_h5_my_friends_src_utils_tagHelper_ts-2-6","raw":"  2: '挑灯夜读',\r","chn":"挑灯夜读","lineNum":2,"startAt":6,"length":4},{"path":"src\\fe_h5_my_friends\\src\\utils\\tagHelper.ts","id":"src_fe_h5_my_friends_src_utils_tagHelper_ts-3-6","raw":"  3: '佛系躺平',\r","chn":"佛系躺平","lineNum":3,"startAt":6,"length":4},{"path":"src\\fe_h5_my_friends\\src\\utils\\tagHelper.ts","id":"src_fe_h5_my_friends_src_utils_tagHelper_ts-4-6","raw":"  4: '绝对不鸽',\r","chn":"绝对不鸽","lineNum":4,"startAt":6,"length":4},{"path":"src\\fe_h5_my_friends\\src\\utils\\tagHelper.ts","id":"src_fe_h5_my_friends_src_utils_tagHelper_ts-5-6","raw":"  5: '白羊座',\r","chn":"白羊座","lineNum":5,"startAt":6,"length":3},{"path":"src\\fe_h5_my_friends\\src\\utils\\tagHelper.ts","id":"src_fe_h5_my_friends_src_utils_tagHelper_ts-6-6","raw":"  6: '金牛座',\r","chn":"金牛座","lineNum":6,"startAt":6,"length":3},{"path":"src\\fe_h5_my_friends\\src\\utils\\tagHelper.ts","id":"src_fe_h5_my_friends_src_utils_tagHelper_ts-7-6","raw":"  7: '双子座',\r","chn":"双子座","lineNum":7,"startAt":6,"length":3},{"path":"src\\fe_h5_my_friends\\src\\utils\\tagHelper.ts","id":"src_fe_h5_my_friends_src_utils_tagHelper_ts-8-6","raw":"  8: '巨蟹座',\r","chn":"巨蟹座","lineNum":8,"startAt":6,"length":3},{"path":"src\\fe_h5_my_friends\\src\\utils\\tagHelper.ts","id":"src_fe_h5_my_friends_src_utils_tagHelper_ts-9-6","raw":"  9: '狮子座',\r","chn":"狮子座","lineNum":9,"startAt":6,"length":3},{"path":"src\\fe_h5_my_friends\\src\\utils\\tagHelper.ts","id":"src_fe_h5_my_friends_src_utils_tagHelper_ts-10-7","raw":"  10: '处女座',\r","chn":"处女座","lineNum":10,"startAt":7,"length":3},{"path":"src\\fe_h5_my_friends\\src\\utils\\tagHelper.ts","id":"src_fe_h5_my_friends_src_utils_tagHelper_ts-11-7","raw":"  11: '天秤座',\r","chn":"天秤座","lineNum":11,"startAt":7,"length":3},{"path":"src\\fe_h5_my_friends\\src\\utils\\tagHelper.ts","id":"src_fe_h5_my_friends_src_utils_tagHelper_ts-12-7","raw":"  12: '天蝎座',\r","chn":"天蝎座","lineNum":12,"startAt":7,"length":3},{"path":"src\\fe_h5_my_friends\\src\\utils\\tagHelper.ts","id":"src_fe_h5_my_friends_src_utils_tagHelper_ts-13-7","raw":"  13: '射手座',\r","chn":"射手座","lineNum":13,"startAt":7,"length":3},{"path":"src\\fe_h5_my_friends\\src\\utils\\tagHelper.ts","id":"src_fe_h5_my_friends_src_utils_tagHelper_ts-14-7","raw":"  14: '摩羯座',\r","chn":"摩羯座","lineNum":14,"startAt":7,"length":3},{"path":"src\\fe_h5_my_friends\\src\\utils\\tagHelper.ts","id":"src_fe_h5_my_friends_src_utils_tagHelper_ts-15-7","raw":"  15: '水瓶座',\r","chn":"水瓶座","lineNum":15,"startAt":7,"length":3},{"path":"src\\fe_h5_my_friends\\src\\utils\\tagHelper.ts","id":"src_fe_h5_my_friends_src_utils_tagHelper_ts-16-7","raw":"  16: '双鱼座',\r","chn":"双鱼座","lineNum":16,"startAt":7,"length":3},{"path":"src\\fe_h5_my_friends\\src\\utils\\tagHelper.ts","id":"src_fe_h5_my_friends_src_utils_tagHelper_ts-17-7","raw":"  17: '红汤锅',\r","chn":"红汤锅","lineNum":17,"startAt":7,"length":3},{"path":"src\\fe_h5_my_friends\\src\\utils\\tagHelper.ts","id":"src_fe_h5_my_friends_src_utils_tagHelper_ts-18-7","raw":"  18: '鸳鸯锅',\r","chn":"鸳鸯锅","lineNum":18,"startAt":7,"length":3},{"path":"src\\fe_h5_my_friends\\src\\utils\\tagHelper.ts","id":"src_fe_h5_my_friends_src_utils_tagHelper_ts-19-7","raw":"  19: '穿秋裤',\r","chn":"穿秋裤","lineNum":19,"startAt":7,"length":3},{"path":"src\\fe_h5_my_friends\\src\\utils\\tagHelper.ts","id":"src_fe_h5_my_friends_src_utils_tagHelper_ts-20-7","raw":"  20: '不穿秋裤',\r","chn":"不穿秋裤","lineNum":20,"startAt":7,"length":4},{"path":"src\\fe_h5_my_friends\\src\\utils\\tagHelper.ts","id":"src_fe_h5_my_friends_src_utils_tagHelper_ts-21-7","raw":"  21: '猫猫',\r","chn":"猫猫","lineNum":21,"startAt":7,"length":2},{"path":"src\\fe_h5_my_friends\\src\\utils\\tagHelper.ts","id":"src_fe_h5_my_friends_src_utils_tagHelper_ts-22-7","raw":"  22: '狗狗',\r","chn":"狗狗","lineNum":22,"startAt":7,"length":2},{"path":"src\\fe_h5_my_friends\\src\\utils\\tagHelper.ts","id":"src_fe_h5_my_friends_src_utils_tagHelper_ts-28-12","raw":"    title: '学习style',\r","chn":"学习","lineNum":28,"startAt":12,"length":2},{"path":"src\\fe_h5_my_friends\\src\\utils\\tagHelper.ts","id":"src_fe_h5_my_friends_src_utils_tagHelper_ts-33-12","raw":"    title: '星座',\r","chn":"星座","lineNum":33,"startAt":12,"length":2},{"path":"src\\fe_h5_my_friends\\src\\utils\\tagHelper.ts","id":"src_fe_h5_my_friends_src_utils_tagHelper_ts-38-12","raw":"    title: '幸福二选一',\r","chn":"幸福二选一","lineNum":38,"startAt":12,"length":5},{"path":"src\\fe_h5_my_friends\\src\\utils\\tagHelper.ts","id":"src_fe_h5_my_friends_src_utils_tagHelper_ts-43-12","raw":"    title: '幸福二选一',\r","chn":"幸福二选一","lineNum":43,"startAt":12,"length":5},{"path":"src\\fe_h5_my_friends\\src\\utils\\tagHelper.ts","id":"src_fe_h5_my_friends_src_utils_tagHelper_ts-48-12","raw":"    title: '幸福二选一',\r","chn":"幸福二选一","lineNum":48,"startAt":12,"length":5}]