[{"path":"src\\fe_h5_deskmate\\src\\components\\ActionResults\\AcceptInvition.tsx","id":"src_fe_h5_deskmate_src_components_ActionResults_AcceptInvition_tsx","raw":"        <span className=\"max\">{nickName}</span>想邀请你做同桌\r","chn":"想邀请你做同桌","lineNum":32,"startAt":47,"length":7},{"path":"src\\fe_h5_deskmate\\src\\components\\ActionResults\\AcceptInvition.tsx","id":"src_fe_h5_deskmate_src_components_ActionResults_AcceptInvition_tsx","raw":"        TA正在学习\r","chn":"正在学习","lineNum":35,"startAt":10,"length":4},{"path":"src\\fe_h5_deskmate\\src\\components\\ActionResults\\AcceptInvition.tsx","id":"src_fe_h5_deskmate_src_components_ActionResults_AcceptInvition_tsx","raw":"          《 <span className={'max'}>{bookName}</span>》\r","chn":"《","lineNum":37,"startAt":10,"length":1},{"path":"src\\fe_h5_deskmate\\src\\components\\ActionResults\\AcceptInvition.tsx","id":"src_fe_h5_deskmate_src_components_ActionResults_AcceptInvition_tsx","raw":"          《 <span className={'max'}>{bookName}</span>》\r","chn":"》","lineNum":37,"startAt":53,"length":1},{"path":"src\\fe_h5_deskmate\\src\\components\\ActionResults\\AcceptInvition.tsx","id":"src_fe_h5_deskmate_src_components_ActionResults_AcceptInvition_tsx","raw":"        坚持打卡{dakaDays}天\r","chn":"坚持打卡","lineNum":44,"startAt":8,"length":4},{"path":"src\\fe_h5_deskmate\\src\\components\\ActionResults\\AcceptInvition.tsx","id":"src_fe_h5_deskmate_src_components_ActionResults_AcceptInvition_tsx","raw":"        坚持打卡{dakaDays}天\r","chn":"天","lineNum":44,"startAt":22,"length":1},{"path":"src\\fe_h5_deskmate\\src\\components\\ActionResults\\AcceptInvition.tsx","id":"src_fe_h5_deskmate_src_components_ActionResults_AcceptInvition_tsx","raw":"      <div className={cl('p')}>我们可以互相提醒，共同进步！</div>\r","chn":"我们可以互相提醒，共同进步！","lineNum":47,"startAt":31,"length":14},{"path":"src\\fe_h5_deskmate\\src\\components\\ActionResults\\AcceptInvition.tsx","id":"src_fe_h5_deskmate_src_components_ActionResults_AcceptInvition_tsx","raw":"        接受邀请\r","chn":"接受邀请","lineNum":49,"startAt":8,"length":4},{"path":"src\\fe_h5_deskmate\\src\\components\\ActionResults\\Fail.tsx","id":"src_fe_h5_deskmate_src_components_ActionResults_Fail_tsx","raw":"        啊哦～你来晚了\r","chn":"啊哦～你来晚了","lineNum":22,"startAt":8,"length":7},{"path":"src\\fe_h5_deskmate\\src\\components\\ActionResults\\Fail.tsx","id":"src_fe_h5_deskmate_src_components_ActionResults_Fail_tsx","raw":"        TA已经找到同桌啦\r","chn":"已经找到同桌啦","lineNum":24,"startAt":10,"length":7},{"path":"src\\fe_h5_deskmate\\src\\components\\ActionResults\\Fail.tsx","id":"src_fe_h5_deskmate_src_components_ActionResults_Fail_tsx","raw":"      <div className={cl('p')}>更多宝藏同桌等你发现</div>\r","chn":"更多宝藏同桌等你发现","lineNum":26,"startAt":31,"length":10},{"path":"src\\fe_h5_deskmate\\src\\components\\ActionResults\\Fail.tsx","id":"src_fe_h5_deskmate_src_components_ActionResults_Fail_tsx","raw":"      <div className={cl('p')}>快去寻找合拍的TA</div>\r","chn":"快去寻找合拍的","lineNum":27,"startAt":31,"length":7},{"path":"src\\fe_h5_deskmate\\src\\components\\ActionResults\\Fail.tsx","id":"src_fe_h5_deskmate_src_components_ActionResults_Fail_tsx","raw":"        去找同桌\r","chn":"去找同桌","lineNum":35,"startAt":8,"length":4},{"path":"src\\fe_h5_deskmate\\src\\components\\ActionResults\\HasDeskmate.tsx","id":"src_fe_h5_deskmate_src_components_ActionResults_HasDeskmate_tsx","raw":"      <div className={cl('tit')}>你已经有自己合拍的同桌了哦～</div>\r","chn":"你已经有自己合拍的同桌了哦～","lineNum":18,"startAt":33,"length":14},{"path":"src\\fe_h5_deskmate\\src\\components\\ActionResults\\HasDeskmate.tsx","id":"src_fe_h5_deskmate_src_components_ActionResults_HasDeskmate_tsx","raw":"        会会同桌\r","chn":"会会同桌","lineNum":24,"startAt":8,"length":4},{"path":"src\\fe_h5_deskmate\\src\\components\\ActionResults\\OpenWXRemind.tsx","id":"src_fe_h5_deskmate_src_components_ActionResults_OpenWXRemind_tsx","raw":"      <div className={cl('tit')}>{type === 'invite' ? '同桌申请已发送' : '成功结为同桌'} </div>\r","chn":"同桌申请已发送","lineNum":41,"startAt":55,"length":7},{"path":"src\\fe_h5_deskmate\\src\\components\\ActionResults\\OpenWXRemind.tsx","id":"src_fe_h5_deskmate_src_components_ActionResults_OpenWXRemind_tsx","raw":"      <div className={cl('tit')}>{type === 'invite' ? '同桌申请已发送' : '成功结为同桌'} </div>\r","chn":"成功结为同桌","lineNum":41,"startAt":67,"length":6},{"path":"src\\fe_h5_deskmate\\src\\components\\ActionResults\\OpenWXRemind.tsx","id":"src_fe_h5_deskmate_src_components_ActionResults_OpenWXRemind_tsx","raw":"        去开启微信提醒\r","chn":"去开启微信提醒","lineNum":47,"startAt":8,"length":7},{"path":"src\\fe_h5_deskmate\\src\\components\\ActionResults\\OpenWXRemind.tsx","id":"src_fe_h5_deskmate_src_components_ActionResults_OpenWXRemind_tsx","raw":"          暂不开启\r","chn":"暂不开启","lineNum":58,"startAt":10,"length":4},{"path":"src\\fe_h5_deskmate\\src\\components\\ActionResults\\Release.tsx","id":"src_fe_h5_deskmate_src_components_ActionResults_Release_tsx","raw":"        与你互相陪伴了<span className={cl('blue space')}> {deskmateDays}</span> 天\r","chn":"与你互相陪伴了","lineNum":37,"startAt":8,"length":7},{"path":"src\\fe_h5_deskmate\\src\\components\\ActionResults\\Release.tsx","id":"src_fe_h5_deskmate_src_components_ActionResults_Release_tsx","raw":"        与你互相陪伴了<span className={cl('blue space')}> {deskmateDays}</span> 天\r","chn":"天","lineNum":37,"startAt":73,"length":1},{"path":"src\\fe_h5_deskmate\\src\\components\\ActionResults\\Release.tsx","id":"src_fe_h5_deskmate_src_components_ActionResults_Release_tsx","raw":"      <div className={cl('p')}>解除关系后 就不再接收对方的动态和监督了哦～</div>\r","chn":"解除关系后","lineNum":39,"startAt":31,"length":5},{"path":"src\\fe_h5_deskmate\\src\\components\\ActionResults\\Release.tsx","id":"src_fe_h5_deskmate_src_components_ActionResults_Release_tsx","raw":"      <div className={cl('p')}>解除关系后 就不再接收对方的动态和监督了哦～</div>\r","chn":"就不再接收对方的动态和监督了哦～","lineNum":39,"startAt":37,"length":16},{"path":"src\\fe_h5_deskmate\\src\\components\\ActionResults\\Release.tsx","id":"src_fe_h5_deskmate_src_components_ActionResults_Release_tsx","raw":"      <div className={cl('p')}>再想想吧！</div>\r","chn":"再想想吧！","lineNum":40,"startAt":31,"length":5},{"path":"src\\fe_h5_deskmate\\src\\components\\ActionResults\\Release.tsx","id":"src_fe_h5_deskmate_src_components_ActionResults_Release_tsx","raw":"        我想继续和TA做同桌\r","chn":"我想继续和","lineNum":43,"startAt":8,"length":5},{"path":"src\\fe_h5_deskmate\\src\\components\\ActionResults\\Release.tsx","id":"src_fe_h5_deskmate_src_components_ActionResults_Release_tsx","raw":"        我想继续和TA做同桌\r","chn":"做同桌","lineNum":43,"startAt":15,"length":3},{"path":"src\\fe_h5_deskmate\\src\\components\\ActionResults\\Release.tsx","id":"src_fe_h5_deskmate_src_components_ActionResults_Release_tsx","raw":"        想好了，决定解除关系\r","chn":"想好了，决定解除关系","lineNum":46,"startAt":8,"length":10},{"path":"src\\fe_h5_deskmate\\src\\components\\ActionResults\\Success.tsx","id":"src_fe_h5_deskmate_src_components_ActionResults_Success_tsx","raw":"      <div className={cl('tit')}>成功结为同桌</div>\r","chn":"成功结为同桌","lineNum":16,"startAt":33,"length":6},{"path":"src\\fe_h5_deskmate\\src\\components\\ActionResults\\Success.tsx","id":"src_fe_h5_deskmate_src_components_ActionResults_Success_tsx","raw":"      <div className={cl('p')}>恭喜找到志同道合的小伙伴</div>\r","chn":"恭喜找到志同道合的小伙伴","lineNum":17,"startAt":31,"length":12},{"path":"src\\fe_h5_deskmate\\src\\components\\ActionResults\\Success.tsx","id":"src_fe_h5_deskmate_src_components_ActionResults_Success_tsx","raw":"      <div className={cl('p')}>期待看到你们的共同进步～</div>\r","chn":"期待看到你们的共同进步～","lineNum":18,"startAt":31,"length":12},{"path":"src\\fe_h5_deskmate\\src\\components\\ActionResults\\Success.tsx","id":"src_fe_h5_deskmate_src_components_ActionResults_Success_tsx","raw":"      <div className={cl('p')}>接下来就去会会同桌吧~</div>\r","chn":"接下来就去会会同桌吧","lineNum":20,"startAt":31,"length":10},{"path":"src\\fe_h5_deskmate\\src\\components\\ActionResults\\Success.tsx","id":"src_fe_h5_deskmate_src_components_ActionResults_Success_tsx","raw":"        会会同桌\r","chn":"会会同桌","lineNum":22,"startAt":8,"length":4},{"path":"src\\fe_h5_deskmate\\src\\components\\ComLoading\\index.tsx","id":"src_fe_h5_deskmate_src_components_ComLoading_index_tsx","raw":"      <div className={style.text}>{'努力加载中'}</div>\r","chn":"努力加载中","lineNum":42,"startAt":36,"length":5},{"path":"src\\fe_h5_deskmate\\src\\components\\ComLoading\\index.tsx","id":"src_fe_h5_deskmate_src_components_ComLoading_index_tsx","raw":"      <div className={style.text}>{'···'}</div>\r","chn":"···","lineNum":43,"startAt":36,"length":3},{"path":"src\\fe_h5_deskmate\\src\\components\\Guide\\index.tsx","id":"src_fe_h5_deskmate_src_components_Guide_index_tsx","raw":"              更多规则见<span>《百词斩同桌管理规定》</span>\r","chn":"更多规则见","lineNum":57,"startAt":14,"length":5},{"path":"src\\fe_h5_deskmate\\src\\components\\Guide\\index.tsx","id":"src_fe_h5_deskmate_src_components_Guide_index_tsx","raw":"              更多规则见<span>《百词斩同桌管理规定》</span>\r","chn":"《百词斩同桌管理规定》","lineNum":57,"startAt":25,"length":11},{"path":"src\\fe_h5_deskmate\\src\\components\\Guide\\index.tsx","id":"src_fe_h5_deskmate_src_components_Guide_index_tsx","raw":"            <Button onClick={handleFind}> 去找同桌</Button>\r","chn":"去找同桌","lineNum":64,"startAt":42,"length":4},{"path":"src\\fe_h5_deskmate\\src\\container\\ReleaseRelationship\\index.tsx","id":"src_fe_h5_deskmate_src_container_ReleaseRelationship_index_tsx","raw":"  useDocumentTitle('解除同桌关系')\r","chn":"解除同桌关系","lineNum":21,"startAt":20,"length":6},{"path":"src\\fe_h5_deskmate\\src\\container\\ReleaseRelationship\\index.tsx","id":"src_fe_h5_deskmate_src_container_ReleaseRelationship_index_tsx","raw":"        Toast.show('获取同桌信息失败')\r","chn":"获取同桌信息失败","lineNum":29,"startAt":20,"length":8},{"path":"src\\fe_h5_deskmate\\src\\container\\ReleaseRelationship\\index.tsx","id":"src_fe_h5_deskmate_src_container_ReleaseRelationship_index_tsx","raw":"            title: '同桌关系已解除',\r","chn":"同桌关系已解除","lineNum":56,"startAt":20,"length":7},{"path":"src\\fe_h5_deskmate\\src\\container\\ReleaseRelationship\\index.tsx","id":"src_fe_h5_deskmate_src_container_ReleaseRelationship_index_tsx","raw":"                虽然上一段同桌没能坚持走下去\r","chn":"虽然上一段同桌没能坚持走下去","lineNum":59,"startAt":16,"length":14},{"path":"src\\fe_h5_deskmate\\src\\container\\ReleaseRelationship\\index.tsx","id":"src_fe_h5_deskmate_src_container_ReleaseRelationship_index_tsx","raw":"                相信下个同桌一定能带给你不一样的成长\r","chn":"相信下个同桌一定能带给你不一样的成长","lineNum":61,"startAt":16,"length":18},{"path":"src\\fe_h5_deskmate\\src\\container\\ReleaseRelationship\\index.tsx","id":"src_fe_h5_deskmate_src_container_ReleaseRelationship_index_tsx","raw":"                text: '一个人静静',\r","chn":"一个人静静","lineNum":67,"startAt":23,"length":5},{"path":"src\\fe_h5_deskmate\\src\\container\\ReleaseRelationship\\index.tsx","id":"src_fe_h5_deskmate_src_container_ReleaseRelationship_index_tsx","raw":"                text: '去找同桌',\r","chn":"去找同桌","lineNum":74,"startAt":23,"length":4},{"path":"src\\fe_h5_deskmate\\src\\container\\ResultPageContainer\\index.tsx","id":"src_fe_h5_deskmate_src_container_ResultPageContainer_index_tsx","raw":"          <span className={cl('tip-icon')}></span>什么是百词斩同桌\r","chn":"什么是百词斩同桌","lineNum":81,"startAt":50,"length":8},{"path":"src\\fe_h5_deskmate\\src\\hooks\\useCalendar.ts","id":"src_fe_h5_deskmate_src_hooks_useCalendar_ts","raw":"        Toast.show('获取数据异常')\r","chn":"获取数据异常","lineNum":61,"startAt":20,"length":6},{"path":"src\\fe_h5_deskmate\\src\\hooks\\useChatInfo.ts","id":"src_fe_h5_deskmate_src_hooks_useChatInfo_ts","raw":"        Toast.show(error.message || '获取数据失败')\r","chn":"获取数据失败","lineNum":14,"startAt":37,"length":6},{"path":"src\\fe_h5_deskmate\\src\\hooks\\useEmoList.ts","id":"src_fe_h5_deskmate_src_hooks_useEmoList_ts","raw":"        Toast.show(error.message || '获取数据失败')\r","chn":"获取数据失败","lineNum":24,"startAt":37,"length":6},{"path":"src\\fe_h5_deskmate\\src\\pages\\Calendar\\index.tsx","id":"src_fe_h5_deskmate_src_pages_Calendar_index_tsx","raw":"    setDocumentTitle('学习日历')\r","chn":"学习日历","lineNum":24,"startAt":22,"length":4},{"path":"src\\fe_h5_deskmate\\src\\pages\\Calendar\\index.tsx","id":"src_fe_h5_deskmate_src_pages_Calendar_index_tsx","raw":"          {MONTH_STR[curMonth - 1]}月{curYear !== _d.getFullYear() ? <span>{curYear}</span> : null}{' '}\r","chn":"月","lineNum":46,"startAt":35,"length":1},{"path":"src\\fe_h5_deskmate\\src\\pages\\Chat\\components\\ChatList\\index.tsx","id":"src_fe_h5_deskmate_src_pages_Chat_components_ChatList_index_tsx","raw":"          今天开始我们就是同桌啦，未来一起努力吧~👊\r","chn":"今天开始我们就是同桌啦，未来一起努力吧","lineNum":132,"startAt":10,"length":19},{"path":"src\\fe_h5_deskmate\\src\\pages\\Chat\\index.tsx","id":"src_fe_h5_deskmate_src_pages_Chat_index_tsx","raw":"                  {showNewMessage}条新消息\r","chn":"条新消息","lineNum":101,"startAt":34,"length":4},{"path":"src\\fe_h5_deskmate\\src\\pages\\Chat\\index.tsx","id":"src_fe_h5_deskmate_src_pages_Chat_index_tsx","raw":"                给同桌打个招呼吧~\r","chn":"给同桌打个招呼吧","lineNum":106,"startAt":16,"length":8},{"path":"src\\fe_h5_deskmate\\src\\pages\\Chat\\index.tsx","id":"src_fe_h5_deskmate_src_pages_Chat_index_tsx","raw":"              解除同桌\r","chn":"解除同桌","lineNum":130,"startAt":14,"length":4},{"path":"src\\fe_h5_deskmate\\src\\pages\\Home\\components\\Bubble\\index.tsx","id":"src_fe_h5_deskmate_src_pages_Home_components_Bubble_index_tsx","raw":"        Toast.show('口令复制失败')\r","chn":"口令复制失败","lineNum":54,"startAt":20,"length":6},{"path":"src\\fe_h5_deskmate\\src\\pages\\Home\\components\\Bubble\\index.tsx","id":"src_fe_h5_deskmate_src_pages_Home_components_Bubble_index_tsx","raw":"      const txt = `我真的很想让你做我的同桌！我们可以互相提醒打卡，共同进步！复制该口令 →${data}←到百词斩App，和我做同桌吧！#百词斩同桌打卡#`\r","chn":"我真的很想让你做我的同桌！我们可以互相提醒打卡，共同进步！复制该口令","lineNum":57,"startAt":19,"length":34},{"path":"src\\fe_h5_deskmate\\src\\pages\\Home\\components\\Bubble\\index.tsx","id":"src_fe_h5_deskmate_src_pages_Home_components_Bubble_index_tsx","raw":"      const txt = `我真的很想让你做我的同桌！我们可以互相提醒打卡，共同进步！复制该口令 →${data}←到百词斩App，和我做同桌吧！#百词斩同桌打卡#`\r","chn":"到百词斩","lineNum":57,"startAt":63,"length":4},{"path":"src\\fe_h5_deskmate\\src\\pages\\Home\\components\\Bubble\\index.tsx","id":"src_fe_h5_deskmate_src_pages_Home_components_Bubble_index_tsx","raw":"      const txt = `我真的很想让你做我的同桌！我们可以互相提醒打卡，共同进步！复制该口令 →${data}←到百词斩App，和我做同桌吧！#百词斩同桌打卡#`\r","chn":"，和我做同桌吧！","lineNum":57,"startAt":70,"length":8},{"path":"src\\fe_h5_deskmate\\src\\pages\\Home\\components\\Bubble\\index.tsx","id":"src_fe_h5_deskmate_src_pages_Home_components_Bubble_index_tsx","raw":"      const txt = `我真的很想让你做我的同桌！我们可以互相提醒打卡，共同进步！复制该口令 →${data}←到百词斩App，和我做同桌吧！#百词斩同桌打卡#`\r","chn":"百词斩同桌打卡","lineNum":57,"startAt":79,"length":7},{"path":"src\\fe_h5_deskmate\\src\\pages\\Home\\components\\Bubble\\index.tsx","id":"src_fe_h5_deskmate_src_pages_Home_components_Bubble_index_tsx","raw":"          tips: '口令已复制，赶紧去粘贴给好友吧',\r","chn":"口令已复制，赶紧去粘贴给好友吧","lineNum":70,"startAt":17,"length":15},{"path":"src\\fe_h5_deskmate\\src\\pages\\Home\\components\\Bubble\\index.tsx","id":"src_fe_h5_deskmate_src_pages_Home_components_Bubble_index_tsx","raw":"        Toast.show('请升级客户端版本')\r","chn":"请升级客户端版本","lineNum":82,"startAt":20,"length":8},{"path":"src\\fe_h5_deskmate\\src\\pages\\Home\\components\\Bubble\\index.tsx","id":"src_fe_h5_deskmate_src_pages_Home_components_Bubble_index_tsx","raw":"        Toast.show('提醒失败')\r","chn":"提醒失败","lineNum":95,"startAt":20,"length":4},{"path":"src\\fe_h5_deskmate\\src\\pages\\Home\\components\\Bubble\\index.tsx","id":"src_fe_h5_deskmate_src_pages_Home_components_Bubble_index_tsx","raw":"          <div className={cl('txt')}>你旁边还没有人，找个同桌一起学习吧</div>\r","chn":"你旁边还没有人，找个同桌一起学习吧","lineNum":136,"startAt":37,"length":17},{"path":"src\\fe_h5_deskmate\\src\\pages\\Home\\components\\Bubble\\index.tsx","id":"src_fe_h5_deskmate_src_pages_Home_components_Bubble_index_tsx","raw":"              在百词斩找同桌\r","chn":"在百词斩找同桌","lineNum":143,"startAt":14,"length":7},{"path":"src\\fe_h5_deskmate\\src\\pages\\Home\\components\\Bubble\\index.tsx","id":"src_fe_h5_deskmate_src_pages_Home_components_Bubble_index_tsx","raw":"              邀好友做同桌\r","chn":"邀好友做同桌","lineNum":150,"startAt":14,"length":6},{"path":"src\\fe_h5_deskmate\\src\\pages\\Home\\components\\Bubble\\index.tsx","id":"src_fe_h5_deskmate_src_pages_Home_components_Bubble_index_tsx","raw":"          return <div className={cl('txt')}>今天开始我们就是同桌啦～未来的日子一起努力哦</div>\r","chn":"今天开始我们就是同桌啦～未来的日子一起努力哦","lineNum":163,"startAt":44,"length":22},{"path":"src\\fe_h5_deskmate\\src\\pages\\Home\\components\\Bubble\\index.tsx","id":"src_fe_h5_deskmate_src_pages_Home_components_Bubble_index_tsx","raw":"              <div className={cl('txt')}>真开心，我有同桌啦！记得开微信提醒哦，打卡不会忘！</div>\r","chn":"真开心，我有同桌啦！记得开微信提醒哦，打卡不会忘！","lineNum":167,"startAt":41,"length":25},{"path":"src\\fe_h5_deskmate\\src\\pages\\Home\\components\\Bubble\\index.tsx","id":"src_fe_h5_deskmate_src_pages_Home_components_Bubble_index_tsx","raw":"                开提醒\r","chn":"开提醒","lineNum":169,"startAt":16,"length":3},{"path":"src\\fe_h5_deskmate\\src\\pages\\Home\\components\\Bubble\\index.tsx","id":"src_fe_h5_deskmate_src_pages_Home_components_Bubble_index_tsx","raw":"          return <div className={cl('txt')}>我们太棒啦！今天都完成任务啦，明天也要继续加油哦</div>\r","chn":"我们太棒啦！今天都完成任务啦，明天也要继续加油哦","lineNum":179,"startAt":44,"length":24},{"path":"src\\fe_h5_deskmate\\src\\pages\\Home\\components\\Bubble\\index.tsx","id":"src_fe_h5_deskmate_src_pages_Home_components_Bubble_index_tsx","raw":"              <div className={cl('txt')}>超赞～你的任务完成啦！我还没开始呢，呜呜呜</div>\r","chn":"超赞～你的任务完成啦！我还没开始呢，呜呜呜","lineNum":185,"startAt":41,"length":21},{"path":"src\\fe_h5_deskmate\\src\\pages\\Home\\components\\Bubble\\index.tsx","id":"src_fe_h5_deskmate_src_pages_Home_components_Bubble_index_tsx","raw":"                提醒TA\r","chn":"提醒","lineNum":190,"startAt":16,"length":2},{"path":"src\\fe_h5_deskmate\\src\\pages\\Home\\components\\Bubble\\index.tsx","id":"src_fe_h5_deskmate_src_pages_Home_components_Bubble_index_tsx","raw":"        return <div className={cl('txt')}>提醒收到啦！谢谢你督促我学习，我会尽快完成任务的！</div>\r","chn":"提醒收到啦！谢谢你督促我学习，我会尽快完成任务的！","lineNum":196,"startAt":42,"length":25},{"path":"src\\fe_h5_deskmate\\src\\pages\\Home\\components\\Bubble\\index.tsx","id":"src_fe_h5_deskmate_src_pages_Home_components_Bubble_index_tsx","raw":"      let str = '诶呀，我俩都还没开始学习呢！你也要记得去背单词哦～'\r","chn":"诶呀，我俩都还没开始学习呢！你也要记得去背单词哦～","lineNum":199,"startAt":17,"length":25},{"path":"src\\fe_h5_deskmate\\src\\pages\\Home\\components\\Bubble\\index.tsx","id":"src_fe_h5_deskmate_src_pages_Home_components_Bubble_index_tsx","raw":"        str = '嘻嘻，我已经炫完今天的单词了～接下来看你表演！'\r","chn":"嘻嘻，我已经炫完今天的单词了～接下来看你表演！","lineNum":202,"startAt":15,"length":23},{"path":"src\\fe_h5_deskmate\\src\\pages\\Home\\components\\Bubble\\index.tsx","id":"src_fe_h5_deskmate_src_pages_Home_components_Bubble_index_tsx","raw":"              Toast.show('请前往App首页进行学习哦～')\r","chn":"请前往","lineNum":211,"startAt":26,"length":3},{"path":"src\\fe_h5_deskmate\\src\\pages\\Home\\components\\Bubble\\index.tsx","id":"src_fe_h5_deskmate_src_pages_Home_components_Bubble_index_tsx","raw":"              Toast.show('请前往App首页进行学习哦～')\r","chn":"首页进行学习哦～","lineNum":211,"startAt":32,"length":8},{"path":"src\\fe_h5_deskmate\\src\\pages\\Home\\components\\Bubble\\index.tsx","id":"src_fe_h5_deskmate_src_pages_Home_components_Bubble_index_tsx","raw":"            去学习\r","chn":"去学习","lineNum":214,"startAt":12,"length":3},{"path":"src\\fe_h5_deskmate\\src\\pages\\Home\\components\\DakaInfo\\index.tsx","id":"src_fe_h5_deskmate_src_pages_Home_components_DakaInfo_index_tsx","raw":"        {mine.dakaToday ? '已打卡' : '未打卡'}\r","chn":"已打卡","lineNum":17,"startAt":27,"length":3},{"path":"src\\fe_h5_deskmate\\src\\pages\\Home\\components\\DakaInfo\\index.tsx","id":"src_fe_h5_deskmate_src_pages_Home_components_DakaInfo_index_tsx","raw":"        {mine.dakaToday ? '已打卡' : '未打卡'}\r","chn":"未打卡","lineNum":17,"startAt":35,"length":3},{"path":"src\\fe_h5_deskmate\\src\\pages\\Home\\components\\DakaInfo\\index.tsx","id":"src_fe_h5_deskmate_src_pages_Home_components_DakaInfo_index_tsx","raw":"        {deskmate.dakaToday ? '已打卡' : '未打卡'}\r","chn":"已打卡","lineNum":20,"startAt":31,"length":3},{"path":"src\\fe_h5_deskmate\\src\\pages\\Home\\components\\DakaInfo\\index.tsx","id":"src_fe_h5_deskmate_src_pages_Home_components_DakaInfo_index_tsx","raw":"        {deskmate.dakaToday ? '已打卡' : '未打卡'}\r","chn":"未打卡","lineNum":20,"startAt":39,"length":3},{"path":"src\\fe_h5_deskmate\\src\\pages\\Home\\components\\Release\\index.tsx","id":"src_fe_h5_deskmate_src_pages_Home_components_Release_index_tsx","raw":"            ? '申请已发送'\r","chn":"申请已发送","lineNum":43,"startAt":15,"length":5},{"path":"src\\fe_h5_deskmate\\src\\pages\\Home\\components\\Release\\index.tsx","id":"src_fe_h5_deskmate_src_pages_Home_components_Release_index_tsx","raw":"            ? '你已经有同桌了'\r","chn":"你已经有同桌了","lineNum":45,"startAt":15,"length":7},{"path":"src\\fe_h5_deskmate\\src\\pages\\Home\\components\\Release\\index.tsx","id":"src_fe_h5_deskmate_src_pages_Home_components_Release_index_tsx","raw":"            : '啊哦～TA已经有同桌了'\r","chn":"啊哦～","lineNum":46,"startAt":15,"length":3},{"path":"src\\fe_h5_deskmate\\src\\pages\\Home\\components\\Release\\index.tsx","id":"src_fe_h5_deskmate_src_pages_Home_components_Release_index_tsx","raw":"            : '啊哦～TA已经有同桌了'\r","chn":"已经有同桌了","lineNum":46,"startAt":20,"length":6},{"path":"src\\fe_h5_deskmate\\src\\pages\\Home\\components\\Release\\index.tsx","id":"src_fe_h5_deskmate_src_pages_Home_components_Release_index_tsx","raw":"        <div className={cl('tit')}>同桌关系已中断</div>\r","chn":"同桌关系已中断","lineNum":63,"startAt":35,"length":7},{"path":"src\\fe_h5_deskmate\\src\\pages\\Home\\components\\Release\\index.tsx","id":"src_fe_h5_deskmate_src_pages_Home_components_Release_index_tsx","raw":"            累计同桌<span>{deskmateDays}</span>天\r","chn":"累计同桌","lineNum":67,"startAt":12,"length":4},{"path":"src\\fe_h5_deskmate\\src\\pages\\Home\\components\\Release\\index.tsx","id":"src_fe_h5_deskmate_src_pages_Home_components_Release_index_tsx","raw":"            累计同桌<span>{deskmateDays}</span>天\r","chn":"天","lineNum":67,"startAt":43,"length":1},{"path":"src\\fe_h5_deskmate\\src\\pages\\Home\\components\\Release\\index.tsx","id":"src_fe_h5_deskmate_src_pages_Home_components_Release_index_tsx","raw":"          虽然上一段同桌没能坚持走下去\r","chn":"虽然上一段同桌没能坚持走下去","lineNum":71,"startAt":10,"length":14},{"path":"src\\fe_h5_deskmate\\src\\pages\\Home\\components\\Release\\index.tsx","id":"src_fe_h5_deskmate_src_pages_Home_components_Release_index_tsx","raw":"          <br /> 相信下一个同桌一定能带给你不一样的成长\r","chn":"相信下一个同桌一定能带给你不一样的成长","lineNum":72,"startAt":17,"length":19},{"path":"src\\fe_h5_deskmate\\src\\pages\\Home\\components\\Release\\index.tsx","id":"src_fe_h5_deskmate_src_pages_Home_components_Release_index_tsx","raw":"            继续和他做同桌\r","chn":"继续和他做同桌","lineNum":76,"startAt":12,"length":7},{"path":"src\\fe_h5_deskmate\\src\\pages\\Home\\components\\Release\\index.tsx","id":"src_fe_h5_deskmate_src_pages_Home_components_Release_index_tsx","raw":"            去找同桌\r","chn":"去找同桌","lineNum":79,"startAt":12,"length":4},{"path":"src\\fe_h5_deskmate\\src\\pages\\Home\\components\\SayHello\\index.tsx","id":"src_fe_h5_deskmate_src_pages_Home_components_SayHello_index_tsx","raw":"        <div className={cl('txt')}>初次见面，去跟同桌打个招呼吧</div>\r","chn":"初次见面，去跟同桌打个招呼吧","lineNum":84,"startAt":35,"length":14},{"path":"src\\fe_h5_deskmate\\src\\pages\\Home\\components\\SayHello\\index.tsx","id":"src_fe_h5_deskmate_src_pages_Home_components_SayHello_index_tsx","raw":"        <Button onClick={throttle(handleJumpTop, 1000, { trailing: false })}>打招呼</Button>\r","chn":"打招呼","lineNum":86,"startAt":77,"length":3},{"path":"src\\fe_h5_deskmate\\src\\pages\\Home\\components\\SayHello\\index.tsx","id":"src_fe_h5_deskmate_src_pages_Home_components_SayHello_index_tsx","raw":"          同桌期间，任意一方一周内超过1天未完成打卡 同桌关系将会解除。要加油哦～\r","chn":"同桌期间，任意一方一周内超过","lineNum":88,"startAt":10,"length":14},{"path":"src\\fe_h5_deskmate\\src\\pages\\Home\\components\\SayHello\\index.tsx","id":"src_fe_h5_deskmate_src_pages_Home_components_SayHello_index_tsx","raw":"          同桌期间，任意一方一周内超过1天未完成打卡 同桌关系将会解除。要加油哦～\r","chn":"天未完成打卡","lineNum":88,"startAt":25,"length":6},{"path":"src\\fe_h5_deskmate\\src\\pages\\Home\\components\\SayHello\\index.tsx","id":"src_fe_h5_deskmate_src_pages_Home_components_SayHello_index_tsx","raw":"          同桌期间，任意一方一周内超过1天未完成打卡 同桌关系将会解除。要加油哦～\r","chn":"同桌关系将会解除。要加油哦～","lineNum":88,"startAt":32,"length":14},{"path":"src\\fe_h5_deskmate\\src\\pages\\Home\\components\\SayHello\\index.tsx","id":"src_fe_h5_deskmate_src_pages_Home_components_SayHello_index_tsx","raw":"            <div className={`${cl('tip')} ${showTip ? 'show' : ''}`}>请先阅读规定并同意</div>\r","chn":"请先阅读规定并同意","lineNum":92,"startAt":69,"length":9},{"path":"src\\fe_h5_deskmate\\src\\pages\\Home\\components\\SayHello\\index.tsx","id":"src_fe_h5_deskmate_src_pages_Home_components_SayHello_index_tsx","raw":"              我已阅读并同意{' '}\r","chn":"我已阅读并同意","lineNum":95,"startAt":14,"length":7},{"path":"src\\fe_h5_deskmate\\src\\pages\\Home\\components\\SayHello\\index.tsx","id":"src_fe_h5_deskmate_src_pages_Home_components_SayHello_index_tsx","raw":"                《同桌管理规定》\r","chn":"《同桌管理规定》","lineNum":105,"startAt":16,"length":8},{"path":"src\\fe_h5_deskmate\\src\\pages\\Home\\components\\SayHello\\index.tsx","id":"src_fe_h5_deskmate_src_pages_Home_components_SayHello_index_tsx","raw":"      title={'你有同桌啦！'}\r","chn":"你有同桌啦！","lineNum":116,"startAt":14,"length":6},{"path":"src\\fe_h5_deskmate\\src\\pages\\Home\\components\\Tab\\index.tsx","id":"src_fe_h5_deskmate_src_pages_Home_components_Tab_index_tsx","raw":"          Toast.show('快去找同桌解锁功能吧~')\r","chn":"快去找同桌解锁功能吧","lineNum":44,"startAt":22,"length":10},{"path":"src\\fe_h5_deskmate\\src\\pages\\Home\\index.tsx","id":"src_fe_h5_deskmate_src_pages_Home_index_tsx","raw":"      {hasDeskMate && <div className={cl('days')}>成为同桌 {deskmateDays} 天</div>}\r","chn":"成为同桌","lineNum":81,"startAt":50,"length":4},{"path":"src\\fe_h5_deskmate\\src\\pages\\Home\\index.tsx","id":"src_fe_h5_deskmate_src_pages_Home_index_tsx","raw":"      {hasDeskMate && <div className={cl('days')}>成为同桌 {deskmateDays} 天</div>}\r","chn":"天","lineNum":81,"startAt":70,"length":1},{"path":"src\\fe_h5_deskmate\\src\\pages\\Laboratory\\index.tsx","id":"src_fe_h5_deskmate_src_pages_Laboratory_index_tsx","raw":"    setDocumentTitle('斩家实验室')\r","chn":"斩家实验室","lineNum":19,"startAt":22,"length":5},{"path":"src\\fe_h5_deskmate\\src\\pages\\Laboratory\\index.tsx","id":"src_fe_h5_deskmate_src_pages_Laboratory_index_tsx","raw":"                {dis ? '已预约' : '立即预约'}\r","chn":"已预约","lineNum":56,"startAt":24,"length":3},{"path":"src\\fe_h5_deskmate\\src\\pages\\Laboratory\\index.tsx","id":"src_fe_h5_deskmate_src_pages_Laboratory_index_tsx","raw":"                {dis ? '已预约' : '立即预约'}\r","chn":"立即预约","lineNum":56,"startAt":32,"length":4},{"path":"src\\fe_h5_deskmate\\src\\pages\\Links\\index.tsx","id":"src_fe_h5_deskmate_src_pages_Links_index_tsx","raw":"        接受邀请\r","chn":"接受邀请","lineNum":20,"startAt":8,"length":4},{"path":"src\\fe_h5_deskmate\\src\\pages\\Links\\index.tsx","id":"src_fe_h5_deskmate_src_pages_Links_index_tsx","raw":"        建议\r","chn":"建议","lineNum":29,"startAt":8,"length":2},{"path":"src\\fe_h5_deskmate\\src\\pages\\Links\\index.tsx","id":"src_fe_h5_deskmate_src_pages_Links_index_tsx","raw":"        接受邀请\r","chn":"接受邀请","lineNum":33,"startAt":8,"length":4},{"path":"src\\fe_h5_deskmate\\src\\pages\\Links\\index.tsx","id":"src_fe_h5_deskmate_src_pages_Links_index_tsx","raw":"        发送请求\r","chn":"发送请求","lineNum":40,"startAt":8,"length":4},{"path":"src\\fe_h5_deskmate\\src\\pages\\Links\\index.tsx","id":"src_fe_h5_deskmate_src_pages_Links_index_tsx","raw":"        日历\r","chn":"日历","lineNum":44,"startAt":8,"length":2},{"path":"src\\fe_h5_deskmate\\src\\pages\\Recommend\\components\\RecommendItem\\index.tsx","id":"src_fe_h5_deskmate_src_pages_Recommend_components_RecommendItem_index_tsx","raw":"              title: '同桌申请已发送',\r","chn":"同桌申请已发送","lineNum":42,"startAt":22,"length":7},{"path":"src\\fe_h5_deskmate\\src\\pages\\Recommend\\components\\RecommendItem\\index.tsx","id":"src_fe_h5_deskmate_src_pages_Recommend_components_RecommendItem_index_tsx","raw":"              content: '对方同意后将通过app通知消息和「百词斩」公众号进行告知',\r","chn":"对方同意后将通过","lineNum":43,"startAt":24,"length":8},{"path":"src\\fe_h5_deskmate\\src\\pages\\Recommend\\components\\RecommendItem\\index.tsx","id":"src_fe_h5_deskmate_src_pages_Recommend_components_RecommendItem_index_tsx","raw":"              content: '对方同意后将通过app通知消息和「百词斩」公众号进行告知',\r","chn":"通知消息和「百词斩」公众号进行告知","lineNum":43,"startAt":35,"length":17},{"path":"src\\fe_h5_deskmate\\src\\pages\\Recommend\\components\\RecommendItem\\index.tsx","id":"src_fe_h5_deskmate_src_pages_Recommend_components_RecommendItem_index_tsx","raw":"                  text: '知道了',\r","chn":"知道了","lineNum":47,"startAt":25,"length":3},{"path":"src\\fe_h5_deskmate\\src\\pages\\Recommend\\components\\RecommendItem\\index.tsx","id":"src_fe_h5_deskmate_src_pages_Recommend_components_RecommendItem_index_tsx","raw":"          Toast.show(state === DeskmateStatus.DESKMATE_HAS ? '对方以后同桌' : '你已有同桌了')\r","chn":"对方以后同桌","lineNum":57,"startAt":62,"length":6},{"path":"src\\fe_h5_deskmate\\src\\pages\\Recommend\\components\\RecommendItem\\index.tsx","id":"src_fe_h5_deskmate_src_pages_Recommend_components_RecommendItem_index_tsx","raw":"          Toast.show(state === DeskmateStatus.DESKMATE_HAS ? '对方以后同桌' : '你已有同桌了')\r","chn":"你已有同桌了","lineNum":57,"startAt":73,"length":6},{"path":"src\\fe_h5_deskmate\\src\\pages\\Recommend\\components\\RecommendItem\\index.tsx","id":"src_fe_h5_deskmate_src_pages_Recommend_components_RecommendItem_index_tsx","raw":"        str = 'Ta跟你在背同一本书'\r","chn":"跟你在背同一本书","lineNum":70,"startAt":17,"length":8},{"path":"src\\fe_h5_deskmate\\src\\pages\\Recommend\\components\\RecommendItem\\index.tsx","id":"src_fe_h5_deskmate_src_pages_Recommend_components_RecommendItem_index_tsx","raw":"        str = `Ta跟你一样读${grade}`\r","chn":"跟你一样读","lineNum":73,"startAt":17,"length":5},{"path":"src\\fe_h5_deskmate\\src\\pages\\Recommend\\components\\RecommendItem\\index.tsx","id":"src_fe_h5_deskmate_src_pages_Recommend_components_RecommendItem_index_tsx","raw":"        str = `Ta坚持打卡${dakaDays}天`\r","chn":"坚持打卡","lineNum":76,"startAt":17,"length":4},{"path":"src\\fe_h5_deskmate\\src\\pages\\Recommend\\components\\RecommendItem\\index.tsx","id":"src_fe_h5_deskmate_src_pages_Recommend_components_RecommendItem_index_tsx","raw":"        str = `Ta坚持打卡${dakaDays}天`\r","chn":"天","lineNum":76,"startAt":32,"length":1},{"path":"src\\fe_h5_deskmate\\src\\pages\\Recommend\\components\\RecommendItem\\index.tsx","id":"src_fe_h5_deskmate_src_pages_Recommend_components_RecommendItem_index_tsx","raw":"        str = 'Ta想找人一起学习'\r","chn":"想找人一起学习","lineNum":79,"startAt":17,"length":7},{"path":"src\\fe_h5_deskmate\\src\\pages\\Recommend\\components\\RecommendItem\\index.tsx","id":"src_fe_h5_deskmate_src_pages_Recommend_components_RecommendItem_index_tsx","raw":"        <div>打卡{dakaDays}天</div>\r","chn":"打卡","lineNum":94,"startAt":13,"length":2},{"path":"src\\fe_h5_deskmate\\src\\pages\\Recommend\\components\\RecommendItem\\index.tsx","id":"src_fe_h5_deskmate_src_pages_Recommend_components_RecommendItem_index_tsx","raw":"        <div>打卡{dakaDays}天</div>\r","chn":"天","lineNum":94,"startAt":25,"length":1},{"path":"src\\fe_h5_deskmate\\src\\pages\\Recommend\\components\\RecommendItem\\index.tsx","id":"src_fe_h5_deskmate_src_pages_Recommend_components_RecommendItem_index_tsx","raw":"          '已申请'\r","chn":"已申请","lineNum":104,"startAt":11,"length":3},{"path":"src\\fe_h5_deskmate\\src\\pages\\Recommend\\components\\RecommendItem\\index.tsx","id":"src_fe_h5_deskmate_src_pages_Recommend_components_RecommendItem_index_tsx","raw":"            <div className=\"m-icon-invite\"></div>申请\r","chn":"申请","lineNum":107,"startAt":49,"length":2},{"path":"src\\fe_h5_deskmate\\src\\pages\\Suggestion\\index.tsx","id":"src_fe_h5_deskmate_src_pages_Suggestion_index_tsx","raw":"const STAR_ARR = ['', '太糟糕!', '有点糟!', '还可以!', '真不错！', '太棒啦！']\r","chn":"太糟糕","lineNum":11,"startAt":23,"length":3},{"path":"src\\fe_h5_deskmate\\src\\pages\\Suggestion\\index.tsx","id":"src_fe_h5_deskmate_src_pages_Suggestion_index_tsx","raw":"const STAR_ARR = ['', '太糟糕!', '有点糟!', '还可以!', '真不错！', '太棒啦！']\r","chn":"有点糟","lineNum":11,"startAt":31,"length":3},{"path":"src\\fe_h5_deskmate\\src\\pages\\Suggestion\\index.tsx","id":"src_fe_h5_deskmate_src_pages_Suggestion_index_tsx","raw":"const STAR_ARR = ['', '太糟糕!', '有点糟!', '还可以!', '真不错！', '太棒啦！']\r","chn":"还可以","lineNum":11,"startAt":39,"length":3},{"path":"src\\fe_h5_deskmate\\src\\pages\\Suggestion\\index.tsx","id":"src_fe_h5_deskmate_src_pages_Suggestion_index_tsx","raw":"const STAR_ARR = ['', '太糟糕!', '有点糟!', '还可以!', '真不错！', '太棒啦！']\r","chn":"真不错！","lineNum":11,"startAt":47,"length":4},{"path":"src\\fe_h5_deskmate\\src\\pages\\Suggestion\\index.tsx","id":"src_fe_h5_deskmate_src_pages_Suggestion_index_tsx","raw":"const STAR_ARR = ['', '太糟糕!', '有点糟!', '还可以!', '真不错！', '太棒啦！']\r","chn":"太棒啦！","lineNum":11,"startAt":55,"length":4},{"path":"src\\fe_h5_deskmate\\src\\pages\\Suggestion\\index.tsx","id":"src_fe_h5_deskmate_src_pages_Suggestion_index_tsx","raw":"    document.title = '我要建议'\r","chn":"我要建议","lineNum":20,"startAt":22,"length":4},{"path":"src\\fe_h5_deskmate\\src\\pages\\Suggestion\\index.tsx","id":"src_fe_h5_deskmate_src_pages_Suggestion_index_tsx","raw":"        content: '感谢你的建议~',\r","chn":"感谢你的建议","lineNum":28,"startAt":18,"length":6},{"path":"src\\fe_h5_deskmate\\src\\pages\\Suggestion\\index.tsx","id":"src_fe_h5_deskmate_src_pages_Suggestion_index_tsx","raw":"            text: '知道了',\r","chn":"知道了","lineNum":32,"startAt":19,"length":3},{"path":"src\\fe_h5_deskmate\\src\\pages\\Suggestion\\index.tsx","id":"src_fe_h5_deskmate_src_pages_Suggestion_index_tsx","raw":"          text: <div className={`${cl('sub-btn')} ${disable ? 'disable' : ''}`}>提交</div>,\r","chn":"提交","lineNum":55,"startAt":80,"length":2},{"path":"src\\fe_h5_deskmate\\src\\pages\\Suggestion\\index.tsx","id":"src_fe_h5_deskmate_src_pages_Suggestion_index_tsx","raw":"            {showPlace ? <div className={cl('placeholder')}>我要建议或者吐槽！</div> : null}\r","chn":"我要建议或者吐槽！","lineNum":87,"startAt":60,"length":9},{"path":"src\\fe_h5_deskmate\\src\\services\\api\\flat.ts","id":"src_fe_h5_deskmate_src_services_api_flat_ts","raw":"          error: e || new Error('获取数据失败'),\r","chn":"获取数据失败","lineNum":16,"startAt":33,"length":6},{"path":"src\\fe_h5_deskmate\\src\\store\\chat.ts","id":"src_fe_h5_deskmate_src_store_chat_ts","raw":"            Toast.show(error.message || '获取数据失败')\r","chn":"获取数据失败","lineNum":87,"startAt":41,"length":6},{"path":"src\\fe_h5_deskmate\\src\\store\\chat.ts","id":"src_fe_h5_deskmate_src_store_chat_ts","raw":"          Toast.show(error.message || '获取数据失败')\r","chn":"获取数据失败","lineNum":136,"startAt":39,"length":6},{"path":"src\\fe_h5_deskmate\\src\\store\\chat.ts","id":"src_fe_h5_deskmate_src_store_chat_ts","raw":"          Toast.show(error.message || '获取数据失败')\r","chn":"获取数据失败","lineNum":160,"startAt":39,"length":6},{"path":"src\\fe_h5_deskmate\\src\\store\\recommend.ts","id":"src_fe_h5_deskmate_src_store_recommend_ts","raw":"                return `@${cutStr(item, 15)}找到了同桌`\r","chn":"找到了同桌","lineNum":27,"startAt":44,"length":5},{"path":"src\\fe_h5_deskmate\\src\\utils\\dayHelper.ts","id":"src_fe_h5_deskmate_src_utils_dayHelper_ts","raw":"export const WEEK_STR_CH = ['天', '一', '二', '三', '四', '五', '六']\r","chn":"天","lineNum":3,"startAt":29,"length":1},{"path":"src\\fe_h5_deskmate\\src\\utils\\dayHelper.ts","id":"src_fe_h5_deskmate_src_utils_dayHelper_ts","raw":"export const WEEK_STR_CH = ['天', '一', '二', '三', '四', '五', '六']\r","chn":"一","lineNum":3,"startAt":34,"length":1},{"path":"src\\fe_h5_deskmate\\src\\utils\\dayHelper.ts","id":"src_fe_h5_deskmate_src_utils_dayHelper_ts","raw":"export const WEEK_STR_CH = ['天', '一', '二', '三', '四', '五', '六']\r","chn":"二","lineNum":3,"startAt":39,"length":1},{"path":"src\\fe_h5_deskmate\\src\\utils\\dayHelper.ts","id":"src_fe_h5_deskmate_src_utils_dayHelper_ts","raw":"export const WEEK_STR_CH = ['天', '一', '二', '三', '四', '五', '六']\r","chn":"三","lineNum":3,"startAt":44,"length":1},{"path":"src\\fe_h5_deskmate\\src\\utils\\dayHelper.ts","id":"src_fe_h5_deskmate_src_utils_dayHelper_ts","raw":"export const WEEK_STR_CH = ['天', '一', '二', '三', '四', '五', '六']\r","chn":"四","lineNum":3,"startAt":49,"length":1},{"path":"src\\fe_h5_deskmate\\src\\utils\\dayHelper.ts","id":"src_fe_h5_deskmate_src_utils_dayHelper_ts","raw":"export const WEEK_STR_CH = ['天', '一', '二', '三', '四', '五', '六']\r","chn":"五","lineNum":3,"startAt":54,"length":1},{"path":"src\\fe_h5_deskmate\\src\\utils\\dayHelper.ts","id":"src_fe_h5_deskmate_src_utils_dayHelper_ts","raw":"export const WEEK_STR_CH = ['天', '一', '二', '三', '四', '五', '六']\r","chn":"六","lineNum":3,"startAt":59,"length":1},{"path":"src\\fe_h5_deskmate\\src\\utils\\dayHelper.ts","id":"src_fe_h5_deskmate_src_utils_dayHelper_ts","raw":"  '一',\r","chn":"一","lineNum":5,"startAt":3,"length":1},{"path":"src\\fe_h5_deskmate\\src\\utils\\dayHelper.ts","id":"src_fe_h5_deskmate_src_utils_dayHelper_ts","raw":"  '二',\r","chn":"二","lineNum":6,"startAt":3,"length":1},{"path":"src\\fe_h5_deskmate\\src\\utils\\dayHelper.ts","id":"src_fe_h5_deskmate_src_utils_dayHelper_ts","raw":"  '三',\r","chn":"三","lineNum":7,"startAt":3,"length":1},{"path":"src\\fe_h5_deskmate\\src\\utils\\dayHelper.ts","id":"src_fe_h5_deskmate_src_utils_dayHelper_ts","raw":"  '四',\r","chn":"四","lineNum":8,"startAt":3,"length":1},{"path":"src\\fe_h5_deskmate\\src\\utils\\dayHelper.ts","id":"src_fe_h5_deskmate_src_utils_dayHelper_ts","raw":"  '五',\r","chn":"五","lineNum":9,"startAt":3,"length":1},{"path":"src\\fe_h5_deskmate\\src\\utils\\dayHelper.ts","id":"src_fe_h5_deskmate_src_utils_dayHelper_ts","raw":"  '六',\r","chn":"六","lineNum":10,"startAt":3,"length":1},{"path":"src\\fe_h5_deskmate\\src\\utils\\dayHelper.ts","id":"src_fe_h5_deskmate_src_utils_dayHelper_ts","raw":"  '七',\r","chn":"七","lineNum":11,"startAt":3,"length":1},{"path":"src\\fe_h5_deskmate\\src\\utils\\dayHelper.ts","id":"src_fe_h5_deskmate_src_utils_dayHelper_ts","raw":"  '八',\r","chn":"八","lineNum":12,"startAt":3,"length":1},{"path":"src\\fe_h5_deskmate\\src\\utils\\dayHelper.ts","id":"src_fe_h5_deskmate_src_utils_dayHelper_ts","raw":"  '九',\r","chn":"九","lineNum":13,"startAt":3,"length":1},{"path":"src\\fe_h5_deskmate\\src\\utils\\dayHelper.ts","id":"src_fe_h5_deskmate_src_utils_dayHelper_ts","raw":"  '十',\r","chn":"十","lineNum":14,"startAt":3,"length":1},{"path":"src\\fe_h5_deskmate\\src\\utils\\dayHelper.ts","id":"src_fe_h5_deskmate_src_utils_dayHelper_ts","raw":"  '十一',\r","chn":"十一","lineNum":15,"startAt":3,"length":2},{"path":"src\\fe_h5_deskmate\\src\\utils\\dayHelper.ts","id":"src_fe_h5_deskmate_src_utils_dayHelper_ts","raw":"  '十二',\r","chn":"十二","lineNum":16,"startAt":3,"length":2},{"path":"src\\fe_h5_deskmate\\src\\utils\\dayHelper.ts","id":"src_fe_h5_deskmate_src_utils_dayHelper_ts","raw":"  return _curDate === `${sY}${sM}${sDate}` ? _s : `${sY}年${sM}月${sDate}日 ${_s} `\r","chn":"年","lineNum":54,"startAt":56,"length":1},{"path":"src\\fe_h5_deskmate\\src\\utils\\dayHelper.ts","id":"src_fe_h5_deskmate_src_utils_dayHelper_ts","raw":"  return _curDate === `${sY}${sM}${sDate}` ? _s : `${sY}年${sM}月${sDate}日 ${_s} `\r","chn":"月","lineNum":54,"startAt":62,"length":1},{"path":"src\\fe_h5_deskmate\\src\\utils\\dayHelper.ts","id":"src_fe_h5_deskmate_src_utils_dayHelper_ts","raw":"  return _curDate === `${sY}${sM}${sDate}` ? _s : `${sY}年${sM}月${sDate}日 ${_s} `\r","chn":"日","lineNum":54,"startAt":71,"length":1},{"path":"src\\fe_h5_deskmate\\src\\utils\\localStorage.ts","id":"src_fe_h5_deskmate_src_utils_localStorage_ts","raw":"      console.log('保存失败 -----------')\r","chn":"保存失败","lineNum":8,"startAt":19,"length":4},{"path":"src\\fe_h5_deskmate\\src\\utils\\localStorage.ts","id":"src_fe_h5_deskmate_src_utils_localStorage_ts","raw":"      console.log('读取失败 -----------')\r","chn":"读取失败","lineNum":17,"startAt":19,"length":4},{"path":"src\\fe_h5_deskmate\\src\\utils\\navigate.ts","id":"src_fe_h5_deskmate_src_utils_navigate_ts","raw":"      content: '开启提醒前需要先绑定微信哦',\r","chn":"开启提醒前需要先绑定微信哦","lineNum":13,"startAt":16,"length":13},{"path":"src\\fe_h5_deskmate\\src\\utils\\navigate.ts","id":"src_fe_h5_deskmate_src_utils_navigate_ts","raw":"          text: '稍后绑定',\r","chn":"稍后绑定","lineNum":17,"startAt":17,"length":4},{"path":"src\\fe_h5_deskmate\\src\\utils\\navigate.ts","id":"src_fe_h5_deskmate_src_utils_navigate_ts","raw":"          text: '去绑定微信',\r","chn":"去绑定微信","lineNum":27,"startAt":17,"length":5},{"path":"src\\fe_h5_deskmate\\src\\utils\\navigate.ts","id":"src_fe_h5_deskmate_src_utils_navigate_ts","raw":"              Toast.show('请升级客户端版本')\r","chn":"请升级客户端版本","lineNum":35,"startAt":26,"length":8},{"path":"src\\fe_h5_deskmate\\src\\utils\\navigate.ts","id":"src_fe_h5_deskmate_src_utils_navigate_ts","raw":"      Toast.show('请升级客户端版本')\r","chn":"请升级客户端版本","lineNum":51,"startAt":18,"length":8}]