[{"path":"src\\fe_h5_home_personal_center\\src\\components\\deskmate\\deskmate.tsx","id":"src_fe_h5_home_personal_center_src_components_deskmate_deskmate_tsx-84-24","raw":"                title: '申请已发送',\r","chn":"申请已发送","lineNum":84,"startAt":24,"length":5},{"path":"src\\fe_h5_home_personal_center\\src\\components\\deskmate\\deskmate.tsx","id":"src_fe_h5_home_personal_center_src_components_deskmate_deskmate_tsx-85-29","raw":"                content: 'APP和公众号都可以收到Ta的回复~',\r","chn":"和公众号都可以收到","lineNum":85,"startAt":29,"length":9},{"path":"src\\fe_h5_home_personal_center\\src\\components\\deskmate\\deskmate.tsx","id":"src_fe_h5_home_personal_center_src_components_deskmate_deskmate_tsx-85-40","raw":"                content: 'APP和公众号都可以收到Ta的回复~',\r","chn":"的回复","lineNum":85,"startAt":40,"length":3},{"path":"src\\fe_h5_home_personal_center\\src\\components\\deskmate\\deskmate.tsx","id":"src_fe_h5_home_personal_center_src_components_deskmate_deskmate_tsx-86-24","raw":"                textR: '知道了',\r","chn":"知道了","lineNum":86,"startAt":24,"length":3},{"path":"src\\fe_h5_home_personal_center\\src\\components\\deskmate\\deskmate.tsx","id":"src_fe_h5_home_personal_center_src_components_deskmate_deskmate_tsx-91-24","raw":"                title: '申请已发送',\r","chn":"申请已发送","lineNum":91,"startAt":24,"length":5},{"path":"src\\fe_h5_home_personal_center\\src\\components\\deskmate\\deskmate.tsx","id":"src_fe_h5_home_personal_center_src_components_deskmate_deskmate_tsx-92-26","raw":"                content: '绑定微信，别错过Ta的回复~',\r","chn":"绑定微信，别错过","lineNum":92,"startAt":26,"length":8},{"path":"src\\fe_h5_home_personal_center\\src\\components\\deskmate\\deskmate.tsx","id":"src_fe_h5_home_personal_center_src_components_deskmate_deskmate_tsx-92-36","raw":"                content: '绑定微信，别错过Ta的回复~',\r","chn":"的回复","lineNum":92,"startAt":36,"length":3},{"path":"src\\fe_h5_home_personal_center\\src\\components\\deskmate\\deskmate.tsx","id":"src_fe_h5_home_personal_center_src_components_deskmate_deskmate_tsx-113-24","raw":"                textL: '知道了',\r","chn":"知道了","lineNum":113,"startAt":24,"length":3},{"path":"src\\fe_h5_home_personal_center\\src\\components\\deskmate\\deskmate.tsx","id":"src_fe_h5_home_personal_center_src_components_deskmate_deskmate_tsx-114-24","raw":"                textR: '绑定公众号',\r","chn":"绑定公众号","lineNum":114,"startAt":24,"length":5},{"path":"src\\fe_h5_home_personal_center\\src\\components\\deskmate\\deskmate.tsx","id":"src_fe_h5_home_personal_center_src_components_deskmate_deskmate_tsx-123-72","raw":"        {hasDeskmate ? (showDeskmate ? udData?.userDeskmateInfo.name : '神秘同桌') : '暂无同桌'}\r","chn":"神秘同桌","lineNum":123,"startAt":72,"length":4},{"path":"src\\fe_h5_home_personal_center\\src\\components\\deskmate\\deskmate.tsx","id":"src_fe_h5_home_personal_center_src_components_deskmate_deskmate_tsx-123-82","raw":"        {hasDeskmate ? (showDeskmate ? udData?.userDeskmateInfo.name : '神秘同桌') : '暂无同桌'}\r","chn":"暂无同桌","lineNum":123,"startAt":82,"length":4},{"path":"src\\fe_h5_home_personal_center\\src\\components\\deskmate\\deskmate.tsx","id":"src_fe_h5_home_personal_center_src_components_deskmate_deskmate_tsx-128-15","raw":"            ? `已同桌${udData?.deskmateDays}天`\r","chn":"已同桌","lineNum":128,"startAt":15,"length":3},{"path":"src\\fe_h5_home_personal_center\\src\\components\\deskmate\\deskmate.tsx","id":"src_fe_h5_home_personal_center_src_components_deskmate_deskmate_tsx-128-41","raw":"            ? `已同桌${udData?.deskmateDays}天`\r","chn":"天","lineNum":128,"startAt":41,"length":1},{"path":"src\\fe_h5_home_personal_center\\src\\components\\deskmate\\deskmate.tsx","id":"src_fe_h5_home_personal_center_src_components_deskmate_deskmate_tsx-129-17","raw":"            : 'Ta隐藏了同桌信息'\r","chn":"隐藏了同桌信息","lineNum":129,"startAt":17,"length":7},{"path":"src\\fe_h5_home_personal_center\\src\\components\\deskmate\\deskmate.tsx","id":"src_fe_h5_home_personal_center_src_components_deskmate_deskmate_tsx-130-13","raw":"          : `已同桌0天`}\r","chn":"已同桌","lineNum":130,"startAt":13,"length":3},{"path":"src\\fe_h5_home_personal_center\\src\\components\\deskmate\\deskmate.tsx","id":"src_fe_h5_home_personal_center_src_components_deskmate_deskmate_tsx-130-17","raw":"          : `已同桌0天`}\r","chn":"天","lineNum":130,"startAt":17,"length":1},{"path":"src\\fe_h5_home_personal_center\\src\\components\\deskmate\\deskmate.tsx","id":"src_fe_h5_home_personal_center_src_components_deskmate_deskmate_tsx-145-28","raw":"          <span>{oneself ? '找同桌' : '和Ta同桌'}</span>\r","chn":"找同桌","lineNum":145,"startAt":28,"length":3},{"path":"src\\fe_h5_home_personal_center\\src\\components\\deskmate\\deskmate.tsx","id":"src_fe_h5_home_personal_center_src_components_deskmate_deskmate_tsx-145-36","raw":"          <span>{oneself ? '找同桌' : '和Ta同桌'}</span>\r","chn":"和","lineNum":145,"startAt":36,"length":1},{"path":"src\\fe_h5_home_personal_center\\src\\components\\deskmate\\deskmate.tsx","id":"src_fe_h5_home_personal_center_src_components_deskmate_deskmate_tsx-145-39","raw":"          <span>{oneself ? '找同桌' : '和Ta同桌'}</span>\r","chn":"同桌","lineNum":145,"startAt":39,"length":2},{"path":"src\\fe_h5_home_personal_center\\src\\components\\drawer\\Drawer.tsx","id":"src_fe_h5_home_personal_center_src_components_drawer_Drawer_tsx-13-31","raw":"  block: { icon: BLOCK, text: '拉黑' },\r","chn":"拉黑","lineNum":13,"startAt":31,"length":2},{"path":"src\\fe_h5_home_personal_center\\src\\components\\drawer\\Drawer.tsx","id":"src_fe_h5_home_personal_center_src_components_drawer_Drawer_tsx-14-35","raw":"  unblock: { icon: UNBLOCK, text: '取消拉黑' },\r","chn":"取消拉黑","lineNum":14,"startAt":35,"length":4},{"path":"src\\fe_h5_home_personal_center\\src\\components\\drawer\\Drawer.tsx","id":"src_fe_h5_home_personal_center_src_components_drawer_Drawer_tsx-15-33","raw":"  report: { icon: REPORT, text: '举报' },\r","chn":"举报","lineNum":15,"startAt":33,"length":2},{"path":"src\\fe_h5_home_personal_center\\src\\components\\drawer\\Drawer.tsx","id":"src_fe_h5_home_personal_center_src_components_drawer_Drawer_tsx-16-35","raw":"  privacy: { icon: PRIVACY, text: '隐私设置' },\r","chn":"隐私设置","lineNum":16,"startAt":35,"length":4},{"path":"src\\fe_h5_home_personal_center\\src\\components\\drawer\\Drawer.tsx","id":"src_fe_h5_home_personal_center_src_components_drawer_Drawer_tsx-17-31","raw":"  share: { icon: SHARE, text: '分享' },\r","chn":"分享","lineNum":17,"startAt":31,"length":2},{"path":"src\\fe_h5_home_personal_center\\src\\components\\drawer\\Drawer.tsx","id":"src_fe_h5_home_personal_center_src_components_drawer_Drawer_tsx-93-44","raw":"                    {btnList[item].text == '分享' ? (\r","chn":"分享","lineNum":93,"startAt":44,"length":2},{"path":"src\\fe_h5_home_personal_center\\src\\components\\drawer\\Drawer.tsx","id":"src_fe_h5_home_personal_center_src_components_drawer_Drawer_tsx-116-12","raw":"            取消\r","chn":"取消","lineNum":116,"startAt":12,"length":2},{"path":"src\\fe_h5_home_personal_center\\src\\components\\friend_button\\FriendButton.tsx","id":"src_fe_h5_home_personal_center_src_components_friend_button_FriendButton_tsx-52-20","raw":"            title: '确认解除好友关系吗？',\r","chn":"确认解除好友关系吗？","lineNum":52,"startAt":20,"length":10},{"path":"src\\fe_h5_home_personal_center\\src\\components\\friend_button\\FriendButton.tsx","id":"src_fe_h5_home_personal_center_src_components_friend_button_FriendButton_tsx-72-20","raw":"            textL: '再想想',\r","chn":"再想想","lineNum":72,"startAt":20,"length":3},{"path":"src\\fe_h5_home_personal_center\\src\\components\\friend_button\\FriendButton.tsx","id":"src_fe_h5_home_personal_center_src_components_friend_button_FriendButton_tsx-73-20","raw":"            textR: '确认',\r","chn":"确认","lineNum":73,"startAt":20,"length":2},{"path":"src\\fe_h5_home_personal_center\\src\\components\\friend_button\\FriendButton.tsx","id":"src_fe_h5_home_personal_center_src_components_friend_button_FriendButton_tsx-79-25","raw":"      {followed && <span>好友</span>}\r","chn":"好友","lineNum":79,"startAt":25,"length":2},{"path":"src\\fe_h5_home_personal_center\\src\\components\\friend_button\\FriendButton.tsx","id":"src_fe_h5_home_personal_center_src_components_friend_button_FriendButton_tsx-80-24","raw":"      {applied && <span>已申请</span>}\r","chn":"已申请","lineNum":80,"startAt":24,"length":3},{"path":"src\\fe_h5_home_personal_center\\src\\components\\friend_button\\FriendButton.tsx","id":"src_fe_h5_home_personal_center_src_components_friend_button_FriendButton_tsx-81-25","raw":"      {unfollow && <span>加好友</span>}\r","chn":"加好友","lineNum":81,"startAt":25,"length":3},{"path":"src\\fe_h5_home_personal_center\\src\\components\\group-rank\\GroupRankAward.ts","id":"src_fe_h5_home_personal_center_src_components_group-rank_GroupRankAward_ts-25-13","raw":"      name: '白银',\r","chn":"白银","lineNum":25,"startAt":13,"length":2},{"path":"src\\fe_h5_home_personal_center\\src\\components\\group-rank\\GroupRankAward.ts","id":"src_fe_h5_home_personal_center_src_components_group-rank_GroupRankAward_ts-36-13","raw":"      name: '黄金',\r","chn":"黄金","lineNum":36,"startAt":13,"length":2},{"path":"src\\fe_h5_home_personal_center\\src\\components\\group-rank\\GroupRankAward.ts","id":"src_fe_h5_home_personal_center_src_components_group-rank_GroupRankAward_ts-47-13","raw":"      name: '铂金',\r","chn":"铂金","lineNum":47,"startAt":13,"length":2},{"path":"src\\fe_h5_home_personal_center\\src\\components\\group-rank\\GroupRankAward.ts","id":"src_fe_h5_home_personal_center_src_components_group-rank_GroupRankAward_ts-58-13","raw":"      name: '钻石',\r","chn":"钻石","lineNum":58,"startAt":13,"length":2},{"path":"src\\fe_h5_home_personal_center\\src\\components\\group-rank\\GroupRankAward.ts","id":"src_fe_h5_home_personal_center_src_components_group-rank_GroupRankAward_ts-69-13","raw":"      name: '星耀',\r","chn":"星耀","lineNum":69,"startAt":13,"length":2},{"path":"src\\fe_h5_home_personal_center\\src\\components\\group-rank\\GroupRankAward.ts","id":"src_fe_h5_home_personal_center_src_components_group-rank_GroupRankAward_ts-80-13","raw":"      name: '王者',\r","chn":"王者","lineNum":80,"startAt":13,"length":2},{"path":"src\\fe_h5_home_personal_center\\src\\components\\group-rank\\GroupRankAward.ts","id":"src_fe_h5_home_personal_center_src_components_group-rank_GroupRankAward_ts-90-11","raw":"    name: '青铜',\r","chn":"青铜","lineNum":90,"startAt":11,"length":2},{"path":"src\\fe_h5_home_personal_center\\src\\components\\group-rank\\GroupRankAward.ts","id":"src_fe_h5_home_personal_center_src_components_group-rank_GroupRankAward_ts-97-27","raw":"    { icon: PERSON, text: `人数x${awards.groupNum}` },\r","chn":"人数","lineNum":97,"startAt":27,"length":2},{"path":"src\\fe_h5_home_personal_center\\src\\components\\group-rank\\GroupRankAward.ts","id":"src_fe_h5_home_personal_center_src_components_group-rank_GroupRankAward_ts-100-38","raw":"      text: awards.groupCoin === 0 ? '铜板奖励' : `铜板x${awards.groupCoin}`,\r","chn":"铜板奖励","lineNum":100,"startAt":38,"length":4},{"path":"src\\fe_h5_home_personal_center\\src\\components\\group-rank\\GroupRankAward.ts","id":"src_fe_h5_home_personal_center_src_components_group-rank_GroupRankAward_ts-100-47","raw":"      text: awards.groupCoin === 0 ? '铜板奖励' : `铜板x${awards.groupCoin}`,\r","chn":"铜板","lineNum":100,"startAt":47,"length":2},{"path":"src\\fe_h5_home_personal_center\\src\\components\\group-rank\\GroupRankAward.ts","id":"src_fe_h5_home_personal_center_src_components_group-rank_GroupRankAward_ts-104-39","raw":"      text: awards.leaderCoin === 0 ? '铜板奖励' : `铜板x${awards.leaderCoin}`,\r","chn":"铜板奖励","lineNum":104,"startAt":39,"length":4},{"path":"src\\fe_h5_home_personal_center\\src\\components\\group-rank\\GroupRankAward.ts","id":"src_fe_h5_home_personal_center_src_components_group-rank_GroupRankAward_ts-104-48","raw":"      text: awards.leaderCoin === 0 ? '铜板奖励' : `铜板x${awards.leaderCoin}`,\r","chn":"铜板","lineNum":104,"startAt":48,"length":2},{"path":"src\\fe_h5_home_personal_center\\src\\components\\group-rank\\GroupRankAward.ts","id":"src_fe_h5_home_personal_center_src_components_group-rank_GroupRankAward_ts-115-13","raw":"      text: `奖杯`,\r","chn":"奖杯","lineNum":115,"startAt":13,"length":2},{"path":"src\\fe_h5_home_personal_center\\src\\components\\group-rank\\GroupRankAward.ts","id":"src_fe_h5_home_personal_center_src_components_group-rank_GroupRankAward_ts-117-61","raw":"    { icon: awards.wallpaperType === 0 ? WIP0 : WIP1, text: `招新海报` },\r","chn":"招新海报","lineNum":117,"startAt":61,"length":4},{"path":"src\\fe_h5_home_personal_center\\src\\components\\group-rank\\GroupRankAward.ts","id":"src_fe_h5_home_personal_center_src_components_group-rank_GroupRankAward_ts-118-56","raw":"    { icon: awards.headType === 0 ? WIP0 : WIP1, text: `头像框` },\r","chn":"头像框","lineNum":118,"startAt":56,"length":3},{"path":"src\\fe_h5_home_personal_center\\src\\components\\group-rank\\GroupRankAward.ts","id":"src_fe_h5_home_personal_center_src_components_group-rank_GroupRankAward_ts-130-55","raw":"    ...(awards.groupCoin ? [{ icon: GROUPCOIN1, text: `铜板x${awards.groupCoin}` }] : []),\r","chn":"铜板","lineNum":130,"startAt":55,"length":2},{"path":"src\\fe_h5_home_personal_center\\src\\components\\group-rank\\GroupRankAward.ts","id":"src_fe_h5_home_personal_center_src_components_group-rank_GroupRankAward_ts-132-37","raw":"      ? [{ icon: LEADERCOIN1, text: `铜板x${awards.leaderCoin}`, leader: true }]\r","chn":"铜板","lineNum":132,"startAt":37,"length":2},{"path":"src\\fe_h5_home_personal_center\\src\\components\\group-rank\\GroupRankAward.ts","id":"src_fe_h5_home_personal_center_src_components_group-rank_GroupRankAward_ts-138-19","raw":"            text: `奖杯x1`,\r","chn":"奖杯","lineNum":138,"startAt":19,"length":2},{"path":"src\\fe_h5_home_personal_center\\src\\components\\group-rank\\GroupRankAward.ts","id":"src_fe_h5_home_personal_center_src_components_group-rank_GroupRankAward_ts-142-53","raw":"    ...(awards.wallpaperType ? [{ icon: WIP1, text: `招新海报`, leader: true }] : []),\r","chn":"招新海报","lineNum":142,"startAt":53,"length":4},{"path":"src\\fe_h5_home_personal_center\\src\\components\\group-rank\\GroupRankAward.ts","id":"src_fe_h5_home_personal_center_src_components_group-rank_GroupRankAward_ts-143-48","raw":"    ...(awards.headType ? [{ icon: WIP1, text: `头像框` }] : []),\r","chn":"头像框","lineNum":143,"startAt":48,"length":3},{"path":"src\\fe_h5_home_personal_center\\src\\components\\group-rank\\GroupRankAward.ts","id":"src_fe_h5_home_personal_center_src_components_group-rank_GroupRankAward_ts-155-19","raw":"            text: `奖杯x1`,\r","chn":"奖杯","lineNum":155,"startAt":19,"length":2},{"path":"src\\fe_h5_home_personal_center\\src\\components\\group-rank\\GroupRankAward.ts","id":"src_fe_h5_home_personal_center_src_components_group-rank_GroupRankAward_ts-159-55","raw":"    ...(awards.groupCoin ? [{ icon: GROUPCOIN1, text: `铜板x${awards.groupCoin}` }] : []),\r","chn":"铜板","lineNum":159,"startAt":55,"length":2},{"path":"src\\fe_h5_home_personal_center\\src\\components\\group-rank\\GroupRankAward.ts","id":"src_fe_h5_home_personal_center_src_components_group-rank_GroupRankAward_ts-160-48","raw":"    ...(awards.headType ? [{ icon: WIP1, text: `头像框` }] : []),\r","chn":"头像框","lineNum":160,"startAt":48,"length":3},{"path":"src\\fe_h5_home_personal_center\\src\\components\\group-rank\\GroupRankAward.ts","id":"src_fe_h5_home_personal_center_src_components_group-rank_GroupRankAward_ts-166-27","raw":"    { icon: PERSON, text: `人数x${awards.groupNum}` },\r","chn":"人数","lineNum":166,"startAt":27,"length":2},{"path":"src\\fe_h5_home_personal_center\\src\\components\\group-rank\\GroupRankAward.ts","id":"src_fe_h5_home_personal_center_src_components_group-rank_GroupRankAward_ts-168-37","raw":"      ? [{ icon: LEADERCOIN1, text: `铜板x${awards.leaderCoin}`, leader: true }]\r","chn":"铜板","lineNum":168,"startAt":37,"length":2},{"path":"src\\fe_h5_home_personal_center\\src\\components\\group-rank\\GroupRankAward.ts","id":"src_fe_h5_home_personal_center_src_components_group-rank_GroupRankAward_ts-170-53","raw":"    ...(awards.wallpaperType ? [{ icon: WIP1, text: `招新海报`, leader: true }] : []),\r","chn":"招新海报","lineNum":170,"startAt":53,"length":4},{"path":"src\\fe_h5_home_personal_center\\src\\components\\group_selector\\GroupSelector.tsx","id":"src_fe_h5_home_personal_center_src_components_group_selector_GroupSelector_tsx-68-59","raw":"            subtitle={`${o.todayDakaCount}/${o.memberCount}已打卡`}\r","chn":"已打卡","lineNum":68,"startAt":59,"length":3},{"path":"src\\fe_h5_home_personal_center\\src\\components\\group_selector\\GroupSelector.tsx","id":"src_fe_h5_home_personal_center_src_components_group_selector_GroupSelector_tsx-81-12","raw":"            取消\r","chn":"取消","lineNum":81,"startAt":12,"length":2},{"path":"src\\fe_h5_home_personal_center\\src\\components\\group_selector\\GroupSelector.tsx","id":"src_fe_h5_home_personal_center_src_components_group_selector_GroupSelector_tsx-89-26","raw":"                  title: '选择失败',\r","chn":"选择失败","lineNum":89,"startAt":26,"length":4},{"path":"src\\fe_h5_home_personal_center\\src\\components\\group_selector\\GroupSelector.tsx","id":"src_fe_h5_home_personal_center_src_components_group_selector_GroupSelector_tsx-90-28","raw":"                  content: '你还没有选择任何小班',\r","chn":"你还没有选择任何小班","lineNum":90,"startAt":28,"length":10},{"path":"src\\fe_h5_home_personal_center\\src\\components\\group_selector\\GroupSelector.tsx","id":"src_fe_h5_home_personal_center_src_components_group_selector_GroupSelector_tsx-91-26","raw":"                  textR: '知道了',\r","chn":"知道了","lineNum":91,"startAt":26,"length":3},{"path":"src\\fe_h5_home_personal_center\\src\\components\\group_selector\\GroupSelector.tsx","id":"src_fe_h5_home_personal_center_src_components_group_selector_GroupSelector_tsx-96-12","raw":"            确认\r","chn":"确认","lineNum":96,"startAt":12,"length":2},{"path":"src\\fe_h5_home_personal_center\\src\\components\\learning_group\\LearningGroup.tsx","id":"src_fe_h5_home_personal_center_src_components_learning_group_LearningGroup_tsx-32-12","raw":"    title: '你没有属于自己的小班',\r","chn":"你没有属于自己的小班","lineNum":32,"startAt":12,"length":10},{"path":"src\\fe_h5_home_personal_center\\src\\components\\learning_group\\LearningGroup.tsx","id":"src_fe_h5_home_personal_center_src_components_learning_group_LearningGroup_tsx-33-14","raw":"    content: '快去创建一个吧，自己做班长才酷~',\r","chn":"快去创建一个吧，自己做班长才酷","lineNum":33,"startAt":14,"length":15},{"path":"src\\fe_h5_home_personal_center\\src\\components\\learning_group\\LearningGroup.tsx","id":"src_fe_h5_home_personal_center_src_components_learning_group_LearningGroup_tsx-34-12","raw":"    textL: '知道了',\r","chn":"知道了","lineNum":34,"startAt":12,"length":3},{"path":"src\\fe_h5_home_personal_center\\src\\components\\learning_group\\LearningGroup.tsx","id":"src_fe_h5_home_personal_center_src_components_learning_group_LearningGroup_tsx-35-12","raw":"    textR: '创建小班',\r","chn":"创建小班","lineNum":35,"startAt":12,"length":4},{"path":"src\\fe_h5_home_personal_center\\src\\components\\learning_group\\LearningGroup.tsx","id":"src_fe_h5_home_personal_center_src_components_learning_group_LearningGroup_tsx-150-54","raw":"        {matchGroup ? (showGroup ? matchGroup.name : '神秘小班') : '暂无小班'}\r","chn":"神秘小班","lineNum":150,"startAt":54,"length":4},{"path":"src\\fe_h5_home_personal_center\\src\\components\\learning_group\\LearningGroup.tsx","id":"src_fe_h5_home_personal_center_src_components_learning_group_LearningGroup_tsx-150-64","raw":"        {matchGroup ? (showGroup ? matchGroup.name : '神秘小班') : '暂无小班'}\r","chn":"暂无小班","lineNum":150,"startAt":64,"length":4},{"path":"src\\fe_h5_home_personal_center\\src\\components\\learning_group\\LearningGroup.tsx","id":"src_fe_h5_home_personal_center_src_components_learning_group_LearningGroup_tsx-155-15","raw":"            ? `已加入${matchGroup?.joinDays}天`\r","chn":"已加入","lineNum":155,"startAt":15,"length":3},{"path":"src\\fe_h5_home_personal_center\\src\\components\\learning_group\\LearningGroup.tsx","id":"src_fe_h5_home_personal_center_src_components_learning_group_LearningGroup_tsx-155-41","raw":"            ? `已加入${matchGroup?.joinDays}天`\r","chn":"天","lineNum":155,"startAt":41,"length":1},{"path":"src\\fe_h5_home_personal_center\\src\\components\\learning_group\\LearningGroup.tsx","id":"src_fe_h5_home_personal_center_src_components_learning_group_LearningGroup_tsx-156-17","raw":"            : 'Ta隐藏了小班信息'\r","chn":"隐藏了小班信息","lineNum":156,"startAt":17,"length":7},{"path":"src\\fe_h5_home_personal_center\\src\\components\\learning_group\\LearningGroup.tsx","id":"src_fe_h5_home_personal_center_src_components_learning_group_LearningGroup_tsx-157-13","raw":"          : '已加入0天'}\r","chn":"已加入","lineNum":157,"startAt":13,"length":3},{"path":"src\\fe_h5_home_personal_center\\src\\components\\learning_group\\LearningGroup.tsx","id":"src_fe_h5_home_personal_center_src_components_learning_group_LearningGroup_tsx-157-17","raw":"          : '已加入0天'}\r","chn":"天","lineNum":157,"startAt":17,"length":1},{"path":"src\\fe_h5_home_personal_center\\src\\components\\learning_group\\LearningGroup.tsx","id":"src_fe_h5_home_personal_center_src_components_learning_group_LearningGroup_tsx-168-29","raw":"          <span>{selfView ? '找小班' : '邀请入班'}</span>\r","chn":"找小班","lineNum":168,"startAt":29,"length":3},{"path":"src\\fe_h5_home_personal_center\\src\\components\\learning_group\\LearningGroup.tsx","id":"src_fe_h5_home_personal_center_src_components_learning_group_LearningGroup_tsx-168-37","raw":"          <span>{selfView ? '找小班' : '邀请入班'}</span>\r","chn":"邀请入班","lineNum":168,"startAt":37,"length":4},{"path":"src\\fe_h5_home_personal_center\\src\\components\\learning_group\\LearningGroup.tsx","id":"src_fe_h5_home_personal_center_src_components_learning_group_LearningGroup_tsx-184-50","raw":"              <div className={cl('drawer-title')}>请选择</div>\r","chn":"请选择","lineNum":184,"startAt":50,"length":3},{"path":"src\\fe_h5_home_personal_center\\src\\components\\learning_group\\LearningGroup.tsx","id":"src_fe_h5_home_personal_center_src_components_learning_group_LearningGroup_tsx-200-16","raw":"                邀请Ta加入我的小班\r","chn":"邀请","lineNum":200,"startAt":16,"length":2},{"path":"src\\fe_h5_home_personal_center\\src\\components\\learning_group\\LearningGroup.tsx","id":"src_fe_h5_home_personal_center_src_components_learning_group_LearningGroup_tsx-200-20","raw":"                邀请Ta加入我的小班\r","chn":"加入我的小班","lineNum":200,"startAt":20,"length":6},{"path":"src\\fe_h5_home_personal_center\\src\\components\\learning_group\\LearningGroup.tsx","id":"src_fe_h5_home_personal_center_src_components_learning_group_LearningGroup_tsx-223-32","raw":"                        title: '加入失败',\r","chn":"加入失败","lineNum":223,"startAt":32,"length":4},{"path":"src\\fe_h5_home_personal_center\\src\\components\\learning_group\\LearningGroup.tsx","id":"src_fe_h5_home_personal_center_src_components_learning_group_LearningGroup_tsx-224-37","raw":"                        content: 'Ta 没有小班',\r","chn":"没有小班","lineNum":224,"startAt":37,"length":4},{"path":"src\\fe_h5_home_personal_center\\src\\components\\learning_group\\LearningGroup.tsx","id":"src_fe_h5_home_personal_center_src_components_learning_group_LearningGroup_tsx-225-32","raw":"                        textR: '知道了',\r","chn":"知道了","lineNum":225,"startAt":32,"length":3},{"path":"src\\fe_h5_home_personal_center\\src\\components\\learning_group\\LearningGroup.tsx","id":"src_fe_h5_home_personal_center_src_components_learning_group_LearningGroup_tsx-232-41","raw":"                      return Toast.show('教师小班仅允许被邀请的用户进入')\r","chn":"教师小班仅允许被邀请的用户进入","lineNum":232,"startAt":41,"length":15},{"path":"src\\fe_h5_home_personal_center\\src\\components\\learning_group\\LearningGroup.tsx","id":"src_fe_h5_home_personal_center_src_components_learning_group_LearningGroup_tsx-243-18","raw":"                  进入Ta的小班\r","chn":"进入","lineNum":243,"startAt":18,"length":2},{"path":"src\\fe_h5_home_personal_center\\src\\components\\learning_group\\LearningGroup.tsx","id":"src_fe_h5_home_personal_center_src_components_learning_group_LearningGroup_tsx-243-22","raw":"                  进入Ta的小班\r","chn":"的小班","lineNum":243,"startAt":22,"length":3},{"path":"src\\fe_h5_home_personal_center\\src\\components\\learning_group\\LearningGroup.tsx","id":"src_fe_h5_home_personal_center_src_components_learning_group_LearningGroup_tsx-262-18","raw":"                  进入Ta的班长主页\r","chn":"进入","lineNum":262,"startAt":18,"length":2},{"path":"src\\fe_h5_home_personal_center\\src\\components\\learning_group\\LearningGroup.tsx","id":"src_fe_h5_home_personal_center_src_components_learning_group_LearningGroup_tsx-262-22","raw":"                  进入Ta的班长主页\r","chn":"的班长主页","lineNum":262,"startAt":22,"length":5},{"path":"src\\fe_h5_home_personal_center\\src\\components\\learning_group\\LearningGroup.tsx","id":"src_fe_h5_home_personal_center_src_components_learning_group_LearningGroup_tsx-279-16","raw":"                取消\r","chn":"取消","lineNum":279,"startAt":16,"length":2},{"path":"src\\fe_h5_home_personal_center\\src\\components\\learning_group\\LearningGroup.tsx","id":"src_fe_h5_home_personal_center_src_components_learning_group_LearningGroup_tsx-335-26","raw":"                  title: '邀请已发送',\r","chn":"邀请已发送","lineNum":335,"startAt":26,"length":5},{"path":"src\\fe_h5_home_personal_center\\src\\components\\learning_group\\LearningGroup.tsx","id":"src_fe_h5_home_personal_center_src_components_learning_group_LearningGroup_tsx-336-31","raw":"                  content: 'APP和公众号都可以收到Ta的回复~',\r","chn":"和公众号都可以收到","lineNum":336,"startAt":31,"length":9},{"path":"src\\fe_h5_home_personal_center\\src\\components\\learning_group\\LearningGroup.tsx","id":"src_fe_h5_home_personal_center_src_components_learning_group_LearningGroup_tsx-336-42","raw":"                  content: 'APP和公众号都可以收到Ta的回复~',\r","chn":"的回复","lineNum":336,"startAt":42,"length":3},{"path":"src\\fe_h5_home_personal_center\\src\\components\\learning_group\\LearningGroup.tsx","id":"src_fe_h5_home_personal_center_src_components_learning_group_LearningGroup_tsx-337-26","raw":"                  textR: '知道了',\r","chn":"知道了","lineNum":337,"startAt":26,"length":3},{"path":"src\\fe_h5_home_personal_center\\src\\components\\learning_group\\LearningGroup.tsx","id":"src_fe_h5_home_personal_center_src_components_learning_group_LearningGroup_tsx-342-26","raw":"                  title: '邀请已发送',\r","chn":"邀请已发送","lineNum":342,"startAt":26,"length":5},{"path":"src\\fe_h5_home_personal_center\\src\\components\\learning_group\\LearningGroup.tsx","id":"src_fe_h5_home_personal_center_src_components_learning_group_LearningGroup_tsx-343-28","raw":"                  content: '绑定公众号，别错过Ta的回复~',\r","chn":"绑定公众号，别错过","lineNum":343,"startAt":28,"length":9},{"path":"src\\fe_h5_home_personal_center\\src\\components\\learning_group\\LearningGroup.tsx","id":"src_fe_h5_home_personal_center_src_components_learning_group_LearningGroup_tsx-343-39","raw":"                  content: '绑定公众号，别错过Ta的回复~',\r","chn":"的回复","lineNum":343,"startAt":39,"length":3},{"path":"src\\fe_h5_home_personal_center\\src\\components\\learning_group\\LearningGroup.tsx","id":"src_fe_h5_home_personal_center_src_components_learning_group_LearningGroup_tsx-364-26","raw":"                  textL: '知道了',\r","chn":"知道了","lineNum":364,"startAt":26,"length":3},{"path":"src\\fe_h5_home_personal_center\\src\\components\\learning_group\\LearningGroup.tsx","id":"src_fe_h5_home_personal_center_src_components_learning_group_LearningGroup_tsx-365-26","raw":"                  textR: '绑定公众号',\r","chn":"绑定公众号","lineNum":365,"startAt":26,"length":5},{"path":"src\\fe_h5_home_personal_center\\src\\components\\learning_group\\LearningGroup.tsx","id":"src_fe_h5_home_personal_center_src_components_learning_group_LearningGroup_tsx-371-19","raw":"            title=\"邀请Ta加入我的小班\"\r","chn":"邀请","lineNum":371,"startAt":19,"length":2},{"path":"src\\fe_h5_home_personal_center\\src\\components\\learning_group\\LearningGroup.tsx","id":"src_fe_h5_home_personal_center_src_components_learning_group_LearningGroup_tsx-371-23","raw":"            title=\"邀请Ta加入我的小班\"\r","chn":"加入我的小班","lineNum":371,"startAt":23,"length":6},{"path":"src\\fe_h5_home_personal_center\\src\\components\\like_button\\LikeButton.tsx","id":"src_fe_h5_home_personal_center_src_components_like_button_LikeButton_tsx-42-24","raw":"      {selfView ? <span>被赞过{total}次</span> : <span>{total}人赞过Ta</span>}\r","chn":"被赞过","lineNum":42,"startAt":24,"length":3},{"path":"src\\fe_h5_home_personal_center\\src\\components\\like_button\\LikeButton.tsx","id":"src_fe_h5_home_personal_center_src_components_like_button_LikeButton_tsx-42-34","raw":"      {selfView ? <span>被赞过{total}次</span> : <span>{total}人赞过Ta</span>}\r","chn":"次","lineNum":42,"startAt":34,"length":1},{"path":"src\\fe_h5_home_personal_center\\src\\components\\like_button\\LikeButton.tsx","id":"src_fe_h5_home_personal_center_src_components_like_button_LikeButton_tsx-42-58","raw":"      {selfView ? <span>被赞过{total}次</span> : <span>{total}人赞过Ta</span>}\r","chn":"人赞过","lineNum":42,"startAt":58,"length":3},{"path":"src\\fe_h5_home_personal_center\\src\\components\\loading\\index.tsx","id":"src_fe_h5_home_personal_center_src_components_loading_index_tsx-41-36","raw":"      <div className={style.text}>{'努力加载中'}</div>\r","chn":"努力加载中","lineNum":41,"startAt":36,"length":5},{"path":"src\\fe_h5_home_personal_center\\src\\components\\loading\\index.tsx","id":"src_fe_h5_home_personal_center_src_components_loading_index_tsx-42-36","raw":"      <div className={style.text}>{'···'}</div>\r","chn":"···","lineNum":42,"startAt":36,"length":3},{"path":"src\\fe_h5_home_personal_center\\src\\components\\Mashroom\\Loading.tsx","id":"src_fe_h5_home_personal_center_src_components_Mashroom_Loading_tsx-43-34","raw":"    if (type === 'angry') return '网真慢！…'\r","chn":"网真慢！","lineNum":43,"startAt":34,"length":4},{"path":"src\\fe_h5_home_personal_center\\src\\components\\Mashroom\\Loading.tsx","id":"src_fe_h5_home_personal_center_src_components_Mashroom_Loading_tsx-44-33","raw":"    if (type === 'cool') return '帅气加载中...'\r","chn":"帅气加载中","lineNum":44,"startAt":33,"length":5},{"path":"src\\fe_h5_home_personal_center\\src\\components\\Mashroom\\Loading.tsx","id":"src_fe_h5_home_personal_center_src_components_Mashroom_Loading_tsx-45-38","raw":"    if (type === 'terrified') return '诶，还在这？...'\r","chn":"诶，还在这？","lineNum":45,"startAt":38,"length":6},{"path":"src\\fe_h5_home_personal_center\\src\\components\\Mashroom\\Loading.tsx","id":"src_fe_h5_home_personal_center_src_components_Mashroom_Loading_tsx-46-12","raw":"    return '微笑等待...'\r","chn":"微笑等待","lineNum":46,"startAt":12,"length":4},{"path":"src\\fe_h5_home_personal_center\\src\\components\\p-modal\\PPrompt.tsx","id":"src_fe_h5_home_personal_center_src_components_p-modal_PPrompt_tsx-16-13","raw":"      title=\"修改备注\"\r","chn":"修改备注","lineNum":16,"startAt":13,"length":4},{"path":"src\\fe_h5_home_personal_center\\src\\components\\p-modal\\PPrompt.tsx","id":"src_fe_h5_home_personal_center_src_components_p-modal_PPrompt_tsx-23-54","raw":"            text: <ShadowBtn className=\"pmodal-short\">取消</ShadowBtn>,\r","chn":"取消","lineNum":23,"startAt":54,"length":2},{"path":"src\\fe_h5_home_personal_center\\src\\components\\p-modal\\PPrompt.tsx","id":"src_fe_h5_home_personal_center_src_components_p-modal_PPrompt_tsx-30-16","raw":"                确定\r","chn":"确定","lineNum":30,"startAt":16,"length":2},{"path":"src\\fe_h5_home_personal_center\\src\\components\\p-modal\\PPrompt.tsx","id":"src_fe_h5_home_personal_center_src_components_p-modal_PPrompt_tsx-37-28","raw":"                Toast.show('备注不支持表情符号哦~')\r","chn":"备注不支持表情符号哦","lineNum":37,"startAt":28,"length":10},{"path":"src\\fe_h5_home_personal_center\\src\\components\\p-modal\\PPrompt.tsx","id":"src_fe_h5_home_personal_center_src_components_p-modal_PPrompt_tsx-47-23","raw":"          placeholder=\"请输入内容\"\r","chn":"请输入内容","lineNum":47,"startAt":23,"length":5},{"path":"src\\fe_h5_home_personal_center\\src\\components\\ShareModal\\shareModal.tsx","id":"src_fe_h5_home_personal_center_src_components_ShareModal_shareModal_tsx-25-12","raw":"            优秀的你，已经坚持打卡{info.days}天！ 去和朋友们庆祝这一刻！\r","chn":"优秀的你，已经坚持打卡","lineNum":25,"startAt":12,"length":11},{"path":"src\\fe_h5_home_personal_center\\src\\components\\ShareModal\\shareModal.tsx","id":"src_fe_h5_home_personal_center_src_components_ShareModal_shareModal_tsx-25-34","raw":"            优秀的你，已经坚持打卡{info.days}天！ 去和朋友们庆祝这一刻！\r","chn":"天！","lineNum":25,"startAt":34,"length":2},{"path":"src\\fe_h5_home_personal_center\\src\\components\\ShareModal\\shareModal.tsx","id":"src_fe_h5_home_personal_center_src_components_ShareModal_shareModal_tsx-25-37","raw":"            优秀的你，已经坚持打卡{info.days}天！ 去和朋友们庆祝这一刻！\r","chn":"去和朋友们庆祝这一刻！","lineNum":25,"startAt":37,"length":11},{"path":"src\\fe_h5_home_personal_center\\src\\components\\ShareModal\\shareModal.tsx","id":"src_fe_h5_home_personal_center_src_components_ShareModal_shareModal_tsx-30-55","raw":"              <div className={styles.calendarDaysText}>天</div>\r","chn":"天","lineNum":30,"startAt":55,"length":1},{"path":"src\\fe_h5_home_personal_center\\src\\components\\Tags\\Tags.tsx","id":"src_fe_h5_home_personal_center_src_components_Tags_Tags_tsx-1-6","raw":"  1: '早起晨读',\r","chn":"早起晨读","lineNum":1,"startAt":6,"length":4},{"path":"src\\fe_h5_home_personal_center\\src\\components\\Tags\\Tags.tsx","id":"src_fe_h5_home_personal_center_src_components_Tags_Tags_tsx-2-6","raw":"  2: '挑灯夜读',\r","chn":"挑灯夜读","lineNum":2,"startAt":6,"length":4},{"path":"src\\fe_h5_home_personal_center\\src\\components\\Tags\\Tags.tsx","id":"src_fe_h5_home_personal_center_src_components_Tags_Tags_tsx-3-6","raw":"  3: '佛系躺平',\r","chn":"佛系躺平","lineNum":3,"startAt":6,"length":4},{"path":"src\\fe_h5_home_personal_center\\src\\components\\Tags\\Tags.tsx","id":"src_fe_h5_home_personal_center_src_components_Tags_Tags_tsx-4-6","raw":"  4: '绝对不鸽',\r","chn":"绝对不鸽","lineNum":4,"startAt":6,"length":4},{"path":"src\\fe_h5_home_personal_center\\src\\components\\Tags\\Tags.tsx","id":"src_fe_h5_home_personal_center_src_components_Tags_Tags_tsx-5-6","raw":"  5: '白羊座',\r","chn":"白羊座","lineNum":5,"startAt":6,"length":3},{"path":"src\\fe_h5_home_personal_center\\src\\components\\Tags\\Tags.tsx","id":"src_fe_h5_home_personal_center_src_components_Tags_Tags_tsx-6-6","raw":"  6: '金牛座',\r","chn":"金牛座","lineNum":6,"startAt":6,"length":3},{"path":"src\\fe_h5_home_personal_center\\src\\components\\Tags\\Tags.tsx","id":"src_fe_h5_home_personal_center_src_components_Tags_Tags_tsx-7-6","raw":"  7: '双子座',\r","chn":"双子座","lineNum":7,"startAt":6,"length":3},{"path":"src\\fe_h5_home_personal_center\\src\\components\\Tags\\Tags.tsx","id":"src_fe_h5_home_personal_center_src_components_Tags_Tags_tsx-8-6","raw":"  8: '巨蟹座',\r","chn":"巨蟹座","lineNum":8,"startAt":6,"length":3},{"path":"src\\fe_h5_home_personal_center\\src\\components\\Tags\\Tags.tsx","id":"src_fe_h5_home_personal_center_src_components_Tags_Tags_tsx-9-6","raw":"  9: '狮子座',\r","chn":"狮子座","lineNum":9,"startAt":6,"length":3},{"path":"src\\fe_h5_home_personal_center\\src\\components\\Tags\\Tags.tsx","id":"src_fe_h5_home_personal_center_src_components_Tags_Tags_tsx-10-7","raw":"  10: '处女座',\r","chn":"处女座","lineNum":10,"startAt":7,"length":3},{"path":"src\\fe_h5_home_personal_center\\src\\components\\Tags\\Tags.tsx","id":"src_fe_h5_home_personal_center_src_components_Tags_Tags_tsx-11-7","raw":"  11: '天秤座',\r","chn":"天秤座","lineNum":11,"startAt":7,"length":3},{"path":"src\\fe_h5_home_personal_center\\src\\components\\Tags\\Tags.tsx","id":"src_fe_h5_home_personal_center_src_components_Tags_Tags_tsx-12-7","raw":"  12: '天蝎座',\r","chn":"天蝎座","lineNum":12,"startAt":7,"length":3},{"path":"src\\fe_h5_home_personal_center\\src\\components\\Tags\\Tags.tsx","id":"src_fe_h5_home_personal_center_src_components_Tags_Tags_tsx-13-7","raw":"  13: '射手座',\r","chn":"射手座","lineNum":13,"startAt":7,"length":3},{"path":"src\\fe_h5_home_personal_center\\src\\components\\Tags\\Tags.tsx","id":"src_fe_h5_home_personal_center_src_components_Tags_Tags_tsx-14-7","raw":"  14: '摩羯座',\r","chn":"摩羯座","lineNum":14,"startAt":7,"length":3},{"path":"src\\fe_h5_home_personal_center\\src\\components\\Tags\\Tags.tsx","id":"src_fe_h5_home_personal_center_src_components_Tags_Tags_tsx-15-7","raw":"  15: '水瓶座',\r","chn":"水瓶座","lineNum":15,"startAt":7,"length":3},{"path":"src\\fe_h5_home_personal_center\\src\\components\\Tags\\Tags.tsx","id":"src_fe_h5_home_personal_center_src_components_Tags_Tags_tsx-16-7","raw":"  16: '双鱼座',\r","chn":"双鱼座","lineNum":16,"startAt":7,"length":3},{"path":"src\\fe_h5_home_personal_center\\src\\components\\Tags\\Tags.tsx","id":"src_fe_h5_home_personal_center_src_components_Tags_Tags_tsx-17-7","raw":"  17: '红汤锅',\r","chn":"红汤锅","lineNum":17,"startAt":7,"length":3},{"path":"src\\fe_h5_home_personal_center\\src\\components\\Tags\\Tags.tsx","id":"src_fe_h5_home_personal_center_src_components_Tags_Tags_tsx-18-7","raw":"  18: '鸳鸯锅',\r","chn":"鸳鸯锅","lineNum":18,"startAt":7,"length":3},{"path":"src\\fe_h5_home_personal_center\\src\\components\\Tags\\Tags.tsx","id":"src_fe_h5_home_personal_center_src_components_Tags_Tags_tsx-19-7","raw":"  19: '穿秋裤',\r","chn":"穿秋裤","lineNum":19,"startAt":7,"length":3},{"path":"src\\fe_h5_home_personal_center\\src\\components\\Tags\\Tags.tsx","id":"src_fe_h5_home_personal_center_src_components_Tags_Tags_tsx-20-7","raw":"  20: '不穿秋裤',\r","chn":"不穿秋裤","lineNum":20,"startAt":7,"length":4},{"path":"src\\fe_h5_home_personal_center\\src\\components\\Tags\\Tags.tsx","id":"src_fe_h5_home_personal_center_src_components_Tags_Tags_tsx-21-7","raw":"  21: '猫猫',\r","chn":"猫猫","lineNum":21,"startAt":7,"length":2},{"path":"src\\fe_h5_home_personal_center\\src\\components\\Tags\\Tags.tsx","id":"src_fe_h5_home_personal_center_src_components_Tags_Tags_tsx-22-7","raw":"  22: '狗狗',\r","chn":"狗狗","lineNum":22,"startAt":7,"length":2},{"path":"src\\fe_h5_home_personal_center\\src\\components\\Tags\\Tags.tsx","id":"src_fe_h5_home_personal_center_src_components_Tags_Tags_tsx-29-12","raw":"    title: '学习style',\r","chn":"学习","lineNum":29,"startAt":12,"length":2},{"path":"src\\fe_h5_home_personal_center\\src\\components\\Tags\\Tags.tsx","id":"src_fe_h5_home_personal_center_src_components_Tags_Tags_tsx-34-12","raw":"    title: '星座',\r","chn":"星座","lineNum":34,"startAt":12,"length":2},{"path":"src\\fe_h5_home_personal_center\\src\\components\\Tags\\Tags.tsx","id":"src_fe_h5_home_personal_center_src_components_Tags_Tags_tsx-39-12","raw":"    title: '幸福二选一',\r","chn":"幸福二选一","lineNum":39,"startAt":12,"length":5},{"path":"src\\fe_h5_home_personal_center\\src\\components\\Tags\\Tags.tsx","id":"src_fe_h5_home_personal_center_src_components_Tags_Tags_tsx-44-12","raw":"    title: '幸福二选一',\r","chn":"幸福二选一","lineNum":44,"startAt":12,"length":5},{"path":"src\\fe_h5_home_personal_center\\src\\components\\Tags\\Tags.tsx","id":"src_fe_h5_home_personal_center_src_components_Tags_Tags_tsx-49-12","raw":"    title: '幸福二选一',\r","chn":"幸福二选一","lineNum":49,"startAt":12,"length":5},{"path":"src\\fe_h5_home_personal_center\\src\\components\\teamup\\teamup.tsx","id":"src_fe_h5_home_personal_center_src_components_teamup_teamup_tsx-39-28","raw":"      if (selfView) return '去报名'\r","chn":"去报名","lineNum":39,"startAt":28,"length":3},{"path":"src\\fe_h5_home_personal_center\\src\\components\\teamup\\teamup.tsx","id":"src_fe_h5_home_personal_center_src_components_teamup_teamup_tsx-40-14","raw":"      return '邀请入队'\r","chn":"邀请入队","lineNum":40,"startAt":14,"length":4},{"path":"src\\fe_h5_home_personal_center\\src\\components\\teamup\\teamup.tsx","id":"src_fe_h5_home_personal_center_src_components_teamup_teamup_tsx-41-19","raw":"    } else return '提前预约'\r","chn":"提前预约","lineNum":41,"startAt":19,"length":4},{"path":"src\\fe_h5_home_personal_center\\src\\components\\teamup\\teamup.tsx","id":"src_fe_h5_home_personal_center_src_components_teamup_teamup_tsx-107-18","raw":"          title: '组队申请已发送',\r","chn":"组队申请已发送","lineNum":107,"startAt":18,"length":7},{"path":"src\\fe_h5_home_personal_center\\src\\components\\teamup\\teamup.tsx","id":"src_fe_h5_home_personal_center_src_components_teamup_teamup_tsx-109-18","raw":"            ? 'APP和公众号都可以收到Ta的回复~'\r","chn":"和公众号都可以收到","lineNum":109,"startAt":18,"length":9},{"path":"src\\fe_h5_home_personal_center\\src\\components\\teamup\\teamup.tsx","id":"src_fe_h5_home_personal_center_src_components_teamup_teamup_tsx-109-29","raw":"            ? 'APP和公众号都可以收到Ta的回复~'\r","chn":"的回复","lineNum":109,"startAt":29,"length":3},{"path":"src\\fe_h5_home_personal_center\\src\\components\\teamup\\teamup.tsx","id":"src_fe_h5_home_personal_center_src_components_teamup_teamup_tsx-110-15","raw":"            : '绑定公众号，别错过Ta的回复~',\r","chn":"绑定公众号，别错过","lineNum":110,"startAt":15,"length":9},{"path":"src\\fe_h5_home_personal_center\\src\\components\\teamup\\teamup.tsx","id":"src_fe_h5_home_personal_center_src_components_teamup_teamup_tsx-110-26","raw":"            : '绑定公众号，别错过Ta的回复~',\r","chn":"的回复","lineNum":110,"startAt":26,"length":3},{"path":"src\\fe_h5_home_personal_center\\src\\components\\teamup\\teamup.tsx","id":"src_fe_h5_home_personal_center_src_components_teamup_teamup_tsx-111-47","raw":"          textR: wxStatus?.followOffAccount ? '知道了' : '绑定公众号',\r","chn":"知道了","lineNum":111,"startAt":47,"length":3},{"path":"src\\fe_h5_home_personal_center\\src\\components\\teamup\\teamup.tsx","id":"src_fe_h5_home_personal_center_src_components_teamup_teamup_tsx-111-55","raw":"          textR: wxStatus?.followOffAccount ? '知道了' : '绑定公众号',\r","chn":"绑定公众号","lineNum":111,"startAt":55,"length":5},{"path":"src\\fe_h5_home_personal_center\\src\\components\\teamup\\teamup.tsx","id":"src_fe_h5_home_personal_center_src_components_teamup_teamup_tsx-112-59","raw":"          textL: wxStatus?.followOffAccount ? undefined : '知道了',\r","chn":"知道了","lineNum":112,"startAt":59,"length":3},{"path":"src\\fe_h5_home_personal_center\\src\\components\\teamup\\teamup.tsx","id":"src_fe_h5_home_personal_center_src_components_teamup_teamup_tsx-120-18","raw":"          title: '申请失败',\r","chn":"申请失败","lineNum":120,"startAt":18,"length":4},{"path":"src\\fe_h5_home_personal_center\\src\\components\\teamup\\teamup.tsx","id":"src_fe_h5_home_personal_center_src_components_teamup_teamup_tsx-122-18","raw":"          textR: '知道了',\r","chn":"知道了","lineNum":122,"startAt":18,"length":3},{"path":"src\\fe_h5_home_personal_center\\src\\components\\teamup\\teamup.tsx","id":"src_fe_h5_home_personal_center_src_components_teamup_teamup_tsx-138-18","raw":"          textR: '去找其他队伍',\r","chn":"去找其他队伍","lineNum":138,"startAt":18,"length":6},{"path":"src\\fe_h5_home_personal_center\\src\\components\\teamup\\teamup.tsx","id":"src_fe_h5_home_personal_center_src_components_teamup_teamup_tsx-139-18","raw":"          textL: '知道了',\r","chn":"知道了","lineNum":139,"startAt":18,"length":3},{"path":"src\\fe_h5_home_personal_center\\src\\components\\teamup\\teamup.tsx","id":"src_fe_h5_home_personal_center_src_components_teamup_teamup_tsx-147-18","raw":"          title: '加入成功',\r","chn":"加入成功","lineNum":147,"startAt":18,"length":4},{"path":"src\\fe_h5_home_personal_center\\src\\components\\teamup\\teamup.tsx","id":"src_fe_h5_home_personal_center_src_components_teamup_teamup_tsx-149-18","raw":"          textR: '查看我的队伍',\r","chn":"查看我的队伍","lineNum":149,"startAt":18,"length":6},{"path":"src\\fe_h5_home_personal_center\\src\\components\\teamup\\teamup.tsx","id":"src_fe_h5_home_personal_center_src_components_teamup_teamup_tsx-150-18","raw":"          textL: '知道了',\r","chn":"知道了","lineNum":150,"startAt":18,"length":3},{"path":"src\\fe_h5_home_personal_center\\src\\components\\teamup\\teamup.tsx","id":"src_fe_h5_home_personal_center_src_components_teamup_teamup_tsx-166-18","raw":"          title: '组队邀请已发送',\r","chn":"组队邀请已发送","lineNum":166,"startAt":18,"length":7},{"path":"src\\fe_h5_home_personal_center\\src\\components\\teamup\\teamup.tsx","id":"src_fe_h5_home_personal_center_src_components_teamup_teamup_tsx-168-18","raw":"            ? 'APP和公众号都可以收到Ta的回复~'\r","chn":"和公众号都可以收到","lineNum":168,"startAt":18,"length":9},{"path":"src\\fe_h5_home_personal_center\\src\\components\\teamup\\teamup.tsx","id":"src_fe_h5_home_personal_center_src_components_teamup_teamup_tsx-168-29","raw":"            ? 'APP和公众号都可以收到Ta的回复~'\r","chn":"的回复","lineNum":168,"startAt":29,"length":3},{"path":"src\\fe_h5_home_personal_center\\src\\components\\teamup\\teamup.tsx","id":"src_fe_h5_home_personal_center_src_components_teamup_teamup_tsx-169-15","raw":"            : '绑定公众号，别错过Ta的回复~',\r","chn":"绑定公众号，别错过","lineNum":169,"startAt":15,"length":9},{"path":"src\\fe_h5_home_personal_center\\src\\components\\teamup\\teamup.tsx","id":"src_fe_h5_home_personal_center_src_components_teamup_teamup_tsx-169-26","raw":"            : '绑定公众号，别错过Ta的回复~',\r","chn":"的回复","lineNum":169,"startAt":26,"length":3},{"path":"src\\fe_h5_home_personal_center\\src\\components\\teamup\\teamup.tsx","id":"src_fe_h5_home_personal_center_src_components_teamup_teamup_tsx-170-47","raw":"          textR: wxStatus?.followOffAccount ? '知道了' : '绑定公众号',\r","chn":"知道了","lineNum":170,"startAt":47,"length":3},{"path":"src\\fe_h5_home_personal_center\\src\\components\\teamup\\teamup.tsx","id":"src_fe_h5_home_personal_center_src_components_teamup_teamup_tsx-170-55","raw":"          textR: wxStatus?.followOffAccount ? '知道了' : '绑定公众号',\r","chn":"绑定公众号","lineNum":170,"startAt":55,"length":5},{"path":"src\\fe_h5_home_personal_center\\src\\components\\teamup\\teamup.tsx","id":"src_fe_h5_home_personal_center_src_components_teamup_teamup_tsx-171-59","raw":"          textL: wxStatus?.followOffAccount ? undefined : '知道了',\r","chn":"知道了","lineNum":171,"startAt":59,"length":3},{"path":"src\\fe_h5_home_personal_center\\src\\components\\teamup\\teamup.tsx","id":"src_fe_h5_home_personal_center_src_components_teamup_teamup_tsx-179-18","raw":"          title: '邀请失败',\r","chn":"邀请失败","lineNum":179,"startAt":18,"length":4},{"path":"src\\fe_h5_home_personal_center\\src\\components\\teamup\\teamup.tsx","id":"src_fe_h5_home_personal_center_src_components_teamup_teamup_tsx-181-18","raw":"          textR: '知道了',\r","chn":"知道了","lineNum":181,"startAt":18,"length":3},{"path":"src\\fe_h5_home_personal_center\\src\\components\\teamup\\teamup.tsx","id":"src_fe_h5_home_personal_center_src_components_teamup_teamup_tsx-199-55","raw":"        {haveteam ? (showTeam ? teamData.team?.name : '神秘小队') : '暂无小队'}\r","chn":"神秘小队","lineNum":199,"startAt":55,"length":4},{"path":"src\\fe_h5_home_personal_center\\src\\components\\teamup\\teamup.tsx","id":"src_fe_h5_home_personal_center_src_components_teamup_teamup_tsx-199-65","raw":"        {haveteam ? (showTeam ? teamData.team?.name : '神秘小队') : '暂无小队'}\r","chn":"暂无小队","lineNum":199,"startAt":65,"length":4},{"path":"src\\fe_h5_home_personal_center\\src\\components\\teamup\\teamup.tsx","id":"src_fe_h5_home_personal_center_src_components_teamup_teamup_tsx-204-27","raw":"            ? `${teamTotal}人小队`\r","chn":"人小队","lineNum":204,"startAt":27,"length":3},{"path":"src\\fe_h5_home_personal_center\\src\\components\\teamup\\teamup.tsx","id":"src_fe_h5_home_personal_center_src_components_teamup_teamup_tsx-205-17","raw":"            : 'Ta隐藏了小队信息'\r","chn":"隐藏了小队信息","lineNum":205,"startAt":17,"length":7},{"path":"src\\fe_h5_home_personal_center\\src\\components\\teamup\\teamup.tsx","id":"src_fe_h5_home_personal_center_src_components_teamup_teamup_tsx-206-15","raw":"          : '14天打卡挑战，必得2100铜板'}\r","chn":"天打卡挑战，必得","lineNum":206,"startAt":15,"length":8},{"path":"src\\fe_h5_home_personal_center\\src\\components\\teamup\\teamup.tsx","id":"src_fe_h5_home_personal_center_src_components_teamup_teamup_tsx-206-27","raw":"          : '14天打卡挑战，必得2100铜板'}\r","chn":"铜板","lineNum":206,"startAt":27,"length":2},{"path":"src\\fe_h5_home_personal_center\\src\\components\\teamup\\teamup.tsx","id":"src_fe_h5_home_personal_center_src_components_teamup_teamup_tsx-220-35","raw":"                      {selfView ? '找队友' : '申请加入'}\r","chn":"找队友","lineNum":220,"startAt":35,"length":3},{"path":"src\\fe_h5_home_personal_center\\src\\components\\teamup\\teamup.tsx","id":"src_fe_h5_home_personal_center_src_components_teamup_teamup_tsx-220-43","raw":"                      {selfView ? '找队友' : '申请加入'}\r","chn":"申请加入","lineNum":220,"startAt":43,"length":4},{"path":"src\\fe_h5_home_personal_center\\src\\components\\teamup\\teamup.tsx","id":"src_fe_h5_home_personal_center_src_components_teamup_teamup_tsx-233-67","raw":"                <div className={x('member-name', 'text-overflow')}>神秘队友</div>\r","chn":"神秘队友","lineNum":233,"startAt":67,"length":4},{"path":"src\\fe_h5_home_personal_center\\src\\components\\teamup\\teamup.tsx","id":"src_fe_h5_home_personal_center_src_components_teamup_teamup_tsx-237-67","raw":"                <div className={x('member-name', 'text-overflow')}>神秘队友</div>\r","chn":"神秘队友","lineNum":237,"startAt":67,"length":4},{"path":"src\\fe_h5_home_personal_center\\src\\configs\\env.ts","id":"src_fe_h5_home_personal_center_src_configs_env_ts-15-29","raw":"export const UPGRADE_TIPS = '客户端版本过低，请先更新'\r","chn":"客户端版本过低，请先更新","lineNum":15,"startAt":29,"length":12},{"path":"src\\fe_h5_home_personal_center\\src\\configs\\group-type.ts","id":"src_fe_h5_home_personal_center_src_configs_group-type_ts-17-12","raw":"    label: '普通小班',\r","chn":"普通小班","lineNum":17,"startAt":12,"length":4},{"path":"src\\fe_h5_home_personal_center\\src\\configs\\group-type.ts","id":"src_fe_h5_home_personal_center_src_configs_group-type_ts-28-12","raw":"    label: '官方小班',\r","chn":"官方小班","lineNum":28,"startAt":12,"length":4},{"path":"src\\fe_h5_home_personal_center\\src\\configs\\group-type.ts","id":"src_fe_h5_home_personal_center_src_configs_group-type_ts-39-12","raw":"    label: '教师小班',\r","chn":"教师小班","lineNum":39,"startAt":12,"length":4},{"path":"src\\fe_h5_home_personal_center\\src\\pages\\main\\info_pannel\\InfoPannel.tsx","id":"src_fe_h5_home_personal_center_src_pages_main_info_pannel_InfoPannel_tsx-13-16","raw":"        label: '今日已学',\r","chn":"今日已学","lineNum":13,"startAt":16,"length":4},{"path":"src\\fe_h5_home_personal_center\\src\\pages\\main\\info_pannel\\InfoPannel.tsx","id":"src_fe_h5_home_personal_center_src_pages_main_info_pannel_InfoPannel_tsx-14-15","raw":"        unit: '词',\r","chn":"词","lineNum":14,"startAt":15,"length":1},{"path":"src\\fe_h5_home_personal_center\\src\\pages\\main\\info_pannel\\InfoPannel.tsx","id":"src_fe_h5_home_personal_center_src_pages_main_info_pannel_InfoPannel_tsx-19-16","raw":"        label: '累计打卡',\r","chn":"累计打卡","lineNum":19,"startAt":16,"length":4},{"path":"src\\fe_h5_home_personal_center\\src\\pages\\main\\info_pannel\\InfoPannel.tsx","id":"src_fe_h5_home_personal_center_src_pages_main_info_pannel_InfoPannel_tsx-20-15","raw":"        unit: '天',\r","chn":"天","lineNum":20,"startAt":15,"length":1},{"path":"src\\fe_h5_home_personal_center\\src\\pages\\main\\info_pannel\\InfoPannel.tsx","id":"src_fe_h5_home_personal_center_src_pages_main_info_pannel_InfoPannel_tsx-25-16","raw":"        label: '累计已学',\r","chn":"累计已学","lineNum":25,"startAt":16,"length":4},{"path":"src\\fe_h5_home_personal_center\\src\\pages\\main\\info_pannel\\InfoPannel.tsx","id":"src_fe_h5_home_personal_center_src_pages_main_info_pannel_InfoPannel_tsx-26-15","raw":"        unit: '词',\r","chn":"词","lineNum":26,"startAt":15,"length":1},{"path":"src\\fe_h5_home_personal_center\\src\\pages\\main\\MainPage.tsx","id":"src_fe_h5_home_personal_center_src_pages_main_MainPage_tsx-207-38","raw":"                <span>{beenBlocked ? '对方已将你' : '你已将对方'}拉黑，无法查看Ta主页</span>\r","chn":"对方已将你","lineNum":207,"startAt":38,"length":5},{"path":"src\\fe_h5_home_personal_center\\src\\pages\\main\\MainPage.tsx","id":"src_fe_h5_home_personal_center_src_pages_main_MainPage_tsx-207-48","raw":"                <span>{beenBlocked ? '对方已将你' : '你已将对方'}拉黑，无法查看Ta主页</span>\r","chn":"你已将对方","lineNum":207,"startAt":48,"length":5},{"path":"src\\fe_h5_home_personal_center\\src\\pages\\main\\MainPage.tsx","id":"src_fe_h5_home_personal_center_src_pages_main_MainPage_tsx-207-55","raw":"                <span>{beenBlocked ? '对方已将你' : '你已将对方'}拉黑，无法查看Ta主页</span>\r","chn":"拉黑，无法查看","lineNum":207,"startAt":55,"length":7},{"path":"src\\fe_h5_home_personal_center\\src\\pages\\main\\MainPage.tsx","id":"src_fe_h5_home_personal_center_src_pages_main_MainPage_tsx-207-64","raw":"                <span>{beenBlocked ? '对方已将你' : '你已将对方'}拉黑，无法查看Ta主页</span>\r","chn":"主页","lineNum":207,"startAt":64,"length":2},{"path":"src\\fe_h5_home_personal_center\\src\\pages\\main\\MainPage.tsx","id":"src_fe_h5_home_personal_center_src_pages_main_MainPage_tsx-209-22","raw":"                <span>对方已违规，无法查看Ta的主页</span>\r","chn":"对方已违规，无法查看","lineNum":209,"startAt":22,"length":10},{"path":"src\\fe_h5_home_personal_center\\src\\pages\\main\\MainPage.tsx","id":"src_fe_h5_home_personal_center_src_pages_main_MainPage_tsx-209-34","raw":"                <span>对方已违规，无法查看Ta的主页</span>\r","chn":"的主页","lineNum":209,"startAt":34,"length":3},{"path":"src\\fe_h5_home_personal_center\\src\\pages\\main\\MainPage.tsx","id":"src_fe_h5_home_personal_center_src_pages_main_MainPage_tsx-254-24","raw":"            Toast.show('已移出黑名单')\r","chn":"已移出黑名单","lineNum":254,"startAt":24,"length":6},{"path":"src\\fe_h5_home_personal_center\\src\\pages\\main\\MainPage.tsx","id":"src_fe_h5_home_personal_center_src_pages_main_MainPage_tsx-265-24","raw":"              content: '浏览你的主页\\n添加你为好友\\n和你成为同桌\\n加入你创建的小班',\r","chn":"浏览你的主页","lineNum":265,"startAt":24,"length":6},{"path":"src\\fe_h5_home_personal_center\\src\\pages\\main\\MainPage.tsx","id":"src_fe_h5_home_personal_center_src_pages_main_MainPage_tsx-265-32","raw":"              content: '浏览你的主页\\n添加你为好友\\n和你成为同桌\\n加入你创建的小班',\r","chn":"添加你为好友","lineNum":265,"startAt":32,"length":6},{"path":"src\\fe_h5_home_personal_center\\src\\pages\\main\\MainPage.tsx","id":"src_fe_h5_home_personal_center_src_pages_main_MainPage_tsx-265-40","raw":"              content: '浏览你的主页\\n添加你为好友\\n和你成为同桌\\n加入你创建的小班',\r","chn":"和你成为同桌","lineNum":265,"startAt":40,"length":6},{"path":"src\\fe_h5_home_personal_center\\src\\pages\\main\\MainPage.tsx","id":"src_fe_h5_home_personal_center_src_pages_main_MainPage_tsx-265-48","raw":"              content: '浏览你的主页\\n添加你为好友\\n和你成为同桌\\n加入你创建的小班',\r","chn":"加入你创建的小班","lineNum":265,"startAt":48,"length":8},{"path":"src\\fe_h5_home_personal_center\\src\\pages\\main\\MainPage.tsx","id":"src_fe_h5_home_personal_center_src_pages_main_MainPage_tsx-266-22","raw":"              title: '被加入黑名单后，Ta将不能',\r","chn":"被加入黑名单后，","lineNum":266,"startAt":22,"length":8},{"path":"src\\fe_h5_home_personal_center\\src\\pages\\main\\MainPage.tsx","id":"src_fe_h5_home_personal_center_src_pages_main_MainPage_tsx-266-32","raw":"              title: '被加入黑名单后，Ta将不能',\r","chn":"将不能","lineNum":266,"startAt":32,"length":3},{"path":"src\\fe_h5_home_personal_center\\src\\pages\\main\\MainPage.tsx","id":"src_fe_h5_home_personal_center_src_pages_main_MainPage_tsx-267-22","raw":"              textR: '确认',\r","chn":"确认","lineNum":267,"startAt":22,"length":2},{"path":"src\\fe_h5_home_personal_center\\src\\pages\\main\\MainPage.tsx","id":"src_fe_h5_home_personal_center_src_pages_main_MainPage_tsx-268-22","raw":"              textL: '取消',\r","chn":"取消","lineNum":268,"startAt":22,"length":2},{"path":"src\\fe_h5_home_personal_center\\src\\pages\\main\\MainPage.tsx","id":"src_fe_h5_home_personal_center_src_pages_main_MainPage_tsx-296-28","raw":"                Toast.show('已添加到黑名单')\r","chn":"已添加到黑名单","lineNum":296,"startAt":28,"length":7},{"path":"src\\fe_h5_home_personal_center\\src\\pages\\main\\share_pic\\SharePic.tsx","id":"src_fe_h5_home_personal_center_src_pages_main_share_pic_SharePic_tsx-50-42","raw":"        <div className={styles.line2}>Hi~ 我在百词斩已经</div>\r","chn":"我在百词斩已经","lineNum":50,"startAt":42,"length":7},{"path":"src\\fe_h5_home_personal_center\\src\\pages\\main\\share_pic\\SharePic.tsx","id":"src_fe_h5_home_personal_center_src_pages_main_share_pic_SharePic_tsx-52-10","raw":"          累计打卡<span>{pdData?.dakaDays}</span>天\r","chn":"累计打卡","lineNum":52,"startAt":10,"length":4},{"path":"src\\fe_h5_home_personal_center\\src\\pages\\main\\share_pic\\SharePic.tsx","id":"src_fe_h5_home_personal_center_src_pages_main_share_pic_SharePic_tsx-52-45","raw":"          累计打卡<span>{pdData?.dakaDays}</span>天\r","chn":"天","lineNum":52,"startAt":45,"length":1},{"path":"src\\fe_h5_home_personal_center\\src\\pages\\main\\share_pic\\SharePic.tsx","id":"src_fe_h5_home_personal_center_src_pages_main_share_pic_SharePic_tsx-55-10","raw":"          累计已学<span>{pdData?.totalStudyCount}</span>词\r","chn":"累计已学","lineNum":55,"startAt":10,"length":4},{"path":"src\\fe_h5_home_personal_center\\src\\pages\\main\\share_pic\\SharePic.tsx","id":"src_fe_h5_home_personal_center_src_pages_main_share_pic_SharePic_tsx-55-52","raw":"          累计已学<span>{pdData?.totalStudyCount}</span>词\r","chn":"词","lineNum":55,"startAt":52,"length":1},{"path":"src\\fe_h5_home_personal_center\\src\\pages\\main\\share_pic\\SharePic.tsx","id":"src_fe_h5_home_personal_center_src_pages_main_share_pic_SharePic_tsx-62-37","raw":"        <div className={styles.hint}>来百词斩加我好友 一起坚持背单词</div>\r","chn":"来百词斩加我好友","lineNum":62,"startAt":37,"length":8},{"path":"src\\fe_h5_home_personal_center\\src\\pages\\main\\share_pic\\SharePic.tsx","id":"src_fe_h5_home_personal_center_src_pages_main_share_pic_SharePic_tsx-62-46","raw":"        <div className={styles.hint}>来百词斩加我好友 一起坚持背单词</div>\r","chn":"一起坚持背单词","lineNum":62,"startAt":46,"length":7},{"path":"src\\fe_h5_home_personal_center\\src\\pages\\main\\study_together\\StudyTogether.tsx","id":"src_fe_h5_home_personal_center_src_pages_main_study_together_StudyTogether_tsx-27-33","raw":"        <BLOCK label={oneself ? '我的同桌' : 'Ta的同桌'} isHidden={!showDeskmate && oneself}>\r","chn":"我的同桌","lineNum":27,"startAt":33,"length":4},{"path":"src\\fe_h5_home_personal_center\\src\\pages\\main\\study_together\\StudyTogether.tsx","id":"src_fe_h5_home_personal_center_src_pages_main_study_together_StudyTogether_tsx-27-44","raw":"        <BLOCK label={oneself ? '我的同桌' : 'Ta的同桌'} isHidden={!showDeskmate && oneself}>\r","chn":"的同桌","lineNum":27,"startAt":44,"length":3},{"path":"src\\fe_h5_home_personal_center\\src\\pages\\main\\study_together\\StudyTogether.tsx","id":"src_fe_h5_home_personal_center_src_pages_main_study_together_StudyTogether_tsx-31-33","raw":"        <BLOCK label={oneself ? '我的小班' : 'Ta的小班'} isHidden={!showGroup && oneself}>\r","chn":"我的小班","lineNum":31,"startAt":33,"length":4},{"path":"src\\fe_h5_home_personal_center\\src\\pages\\main\\study_together\\StudyTogether.tsx","id":"src_fe_h5_home_personal_center_src_pages_main_study_together_StudyTogether_tsx-31-44","raw":"        <BLOCK label={oneself ? '我的小班' : 'Ta的小班'} isHidden={!showGroup && oneself}>\r","chn":"的小班","lineNum":31,"startAt":44,"length":3},{"path":"src\\fe_h5_home_personal_center\\src\\pages\\main\\study_together\\StudyTogether.tsx","id":"src_fe_h5_home_personal_center_src_pages_main_study_together_StudyTogether_tsx-36-44","raw":"        <BLOCK largeSized label={oneself ? '我的小队' : 'Ta的小队'} isHidden={!showTeam && oneself}>\r","chn":"我的小队","lineNum":36,"startAt":44,"length":4},{"path":"src\\fe_h5_home_personal_center\\src\\pages\\main\\study_together\\StudyTogether.tsx","id":"src_fe_h5_home_personal_center_src_pages_main_study_together_StudyTogether_tsx-36-55","raw":"        <BLOCK largeSized label={oneself ? '我的小队' : 'Ta的小队'} isHidden={!showTeam && oneself}>\r","chn":"的小队","lineNum":36,"startAt":55,"length":3},{"path":"src\\fe_h5_home_personal_center\\src\\pages\\main\\study_together\\StudyTogether.tsx","id":"src_fe_h5_home_personal_center_src_pages_main_study_together_StudyTogether_tsx-69-51","raw":"        {isHidden && <span className={cl('small')}>仅自己可见</span>}\r","chn":"仅自己可见","lineNum":69,"startAt":51,"length":5},{"path":"src\\fe_h5_home_personal_center\\src\\pages\\main\\work_card\\Card.tsx","id":"src_fe_h5_home_personal_center_src_pages_main_work_card_Card_tsx-79-18","raw":"            <span>设置标签，让同学更了解你吧！</span>\r","chn":"设置标签，让同学更了解你吧！","lineNum":79,"startAt":18,"length":14},{"path":"src\\fe_h5_home_personal_center\\src\\pages\\main\\work_card\\Card.tsx","id":"src_fe_h5_home_personal_center_src_pages_main_work_card_Card_tsx-97-29","raw":"                '*** ｜ *** ｜ 《***》'\r","chn":"《","lineNum":97,"startAt":29,"length":1},{"path":"src\\fe_h5_home_personal_center\\src\\pages\\main\\work_card\\Card.tsx","id":"src_fe_h5_home_personal_center_src_pages_main_work_card_Card_tsx-97-33","raw":"                '*** ｜ *** ｜ 《***》'\r","chn":"》","lineNum":97,"startAt":33,"length":1},{"path":"src\\fe_h5_home_personal_center\\src\\pages\\main\\work_card\\WorkCard.tsx","id":"src_fe_h5_home_personal_center_src_pages_main_work_card_WorkCard_tsx-94-34","raw":"      content: copyState.error ? '复制失败' : '已复制',\r","chn":"复制失败","lineNum":94,"startAt":34,"length":4},{"path":"src\\fe_h5_home_personal_center\\src\\pages\\main\\work_card\\WorkCard.tsx","id":"src_fe_h5_home_personal_center_src_pages_main_work_card_WorkCard_tsx-94-43","raw":"      content: copyState.error ? '复制失败' : '已复制',\r","chn":"已复制","lineNum":94,"startAt":43,"length":3},{"path":"src\\fe_h5_home_personal_center\\src\\pages\\main\\work_card\\WorkCard.tsx","id":"src_fe_h5_home_personal_center_src_pages_main_work_card_WorkCard_tsx-134-16","raw":"        title: '确认解除好友关系吗？',\r","chn":"确认解除好友关系吗？","lineNum":134,"startAt":16,"length":10},{"path":"src\\fe_h5_home_personal_center\\src\\pages\\main\\work_card\\WorkCard.tsx","id":"src_fe_h5_home_personal_center_src_pages_main_work_card_WorkCard_tsx-154-16","raw":"        textL: '再想想',\r","chn":"再想想","lineNum":154,"startAt":16,"length":3},{"path":"src\\fe_h5_home_personal_center\\src\\pages\\main\\work_card\\WorkCard.tsx","id":"src_fe_h5_home_personal_center_src_pages_main_work_card_WorkCard_tsx-155-16","raw":"        textR: '确认',\r","chn":"确认","lineNum":155,"startAt":16,"length":2},{"path":"src\\fe_h5_home_personal_center\\src\\pages\\main\\work_card\\WorkCard.tsx","id":"src_fe_h5_home_personal_center_src_pages_main_work_card_WorkCard_tsx-201-47","raw":"            <div className={cl('popup-title')}>请选择你想在个人主页展示的标签</div>\r","chn":"请选择你想在个人主页展示的标签","lineNum":201,"startAt":47,"length":15},{"path":"src\\fe_h5_home_personal_center\\src\\pages\\main\\work_card\\WorkCard.tsx","id":"src_fe_h5_home_personal_center_src_pages_main_work_card_WorkCard_tsx-232-16","raw":"                取消\r","chn":"取消","lineNum":232,"startAt":16,"length":2},{"path":"src\\fe_h5_home_personal_center\\src\\pages\\main\\work_card\\WorkCard.tsx","id":"src_fe_h5_home_personal_center_src_pages_main_work_card_WorkCard_tsx-249-16","raw":"                确定\r","chn":"确定","lineNum":249,"startAt":16,"length":2},{"path":"src\\fe_h5_home_personal_center\\src\\pages\\pegboard\\Pegboard.tsx","id":"src_fe_h5_home_personal_center_src_pages_pegboard_Pegboard_tsx-61-18","raw":"      Toast.show('保存成功')\r","chn":"保存成功","lineNum":61,"startAt":18,"length":4},{"path":"src\\fe_h5_home_personal_center\\src\\pages\\pegboard\\Pegboard.tsx","id":"src_fe_h5_home_personal_center_src_pages_pegboard_Pegboard_tsx-65-31","raw":"      Toast.show(e.message || '保存失败')\r","chn":"保存失败","lineNum":65,"startAt":31,"length":4},{"path":"src\\fe_h5_home_personal_center\\src\\pages\\pegboard\\Pegboard.tsx","id":"src_fe_h5_home_personal_center_src_pages_pegboard_Pegboard_tsx-100-20","raw":"                    保存\r","chn":"保存","lineNum":100,"startAt":20,"length":2},{"path":"src\\fe_h5_home_personal_center\\src\\pages\\pegboard\\Pegboard.tsx","id":"src_fe_h5_home_personal_center_src_pages_pegboard_Pegboard_tsx-151-20","raw":"              <span>头像框怎么获得？</span>\r","chn":"头像框怎么获得？","lineNum":151,"startAt":20,"length":8},{"path":"src\\fe_h5_home_personal_center\\src\\pages\\pegboard\\Pegboard.tsx","id":"src_fe_h5_home_personal_center_src_pages_pegboard_Pegboard_tsx-187-27","raw":"  if (!expireTime) return '永久'\r","chn":"永久","lineNum":187,"startAt":27,"length":2},{"path":"src\\fe_h5_home_personal_center\\src\\pages\\pegboard\\Pegboard.tsx","id":"src_fe_h5_home_personal_center_src_pages_pegboard_Pegboard_tsx-190-24","raw":"  if (diff < 0) return '已过期'\r","chn":"已过期","lineNum":190,"startAt":24,"length":3},{"path":"src\\fe_h5_home_personal_center\\src\\pages\\pegboard\\Pegboard.tsx","id":"src_fe_h5_home_personal_center_src_pages_pegboard_Pegboard_tsx-191-26","raw":"  if (diff === 0) return '今日到期'\r","chn":"今日到期","lineNum":191,"startAt":26,"length":4},{"path":"src\\fe_h5_home_personal_center\\src\\pages\\pegboard\\Pegboard.tsx","id":"src_fe_h5_home_personal_center_src_pages_pegboard_Pegboard_tsx-192-10","raw":"  return `剩余${diff}天`\r","chn":"剩余","lineNum":192,"startAt":10,"length":2},{"path":"src\\fe_h5_home_personal_center\\src\\pages\\pegboard\\Pegboard.tsx","id":"src_fe_h5_home_personal_center_src_pages_pegboard_Pegboard_tsx-192-19","raw":"  return `剩余${diff}天`\r","chn":"天","lineNum":192,"startAt":19,"length":1},{"path":"src\\fe_h5_home_personal_center\\src\\pages\\privacy_setting\\PrivacySetting.tsx","id":"src_fe_h5_home_personal_center_src_pages_privacy_setting_PrivacySetting_tsx-19-20","raw":"  useDocumentTitle('隐私设置')\r","chn":"隐私设置","lineNum":19,"startAt":20,"length":4},{"path":"src\\fe_h5_home_personal_center\\src\\pages\\privacy_setting\\PrivacySetting.tsx","id":"src_fe_h5_home_personal_center_src_pages_privacy_setting_PrivacySetting_tsx-54-44","raw":"      <div className=\"PrivacySetting-title\">个人主页</div>\r","chn":"个人主页","lineNum":54,"startAt":44,"length":4},{"path":"src\\fe_h5_home_personal_center\\src\\pages\\privacy_setting\\PrivacySetting.tsx","id":"src_fe_h5_home_personal_center_src_pages_privacy_setting_PrivacySetting_tsx-56-15","raw":"        label=\"当前展示的小班\"\r","chn":"当前展示的小班","lineNum":56,"startAt":15,"length":7},{"path":"src\\fe_h5_home_personal_center\\src\\pages\\privacy_setting\\PrivacySetting.tsx","id":"src_fe_h5_home_personal_center_src_pages_privacy_setting_PrivacySetting_tsx-64-43","raw":"          {matchGroup ? matchGroup.name : '你还没有加入任何小班'}\r","chn":"你还没有加入任何小班","lineNum":64,"startAt":43,"length":10},{"path":"src\\fe_h5_home_personal_center\\src\\pages\\privacy_setting\\PrivacySetting.tsx","id":"src_fe_h5_home_personal_center_src_pages_privacy_setting_PrivacySetting_tsx-67-28","raw":"      <FormList.Item label=\"不展示我的「同桌」\">\r","chn":"不展示我的「同桌」","lineNum":67,"startAt":28,"length":9},{"path":"src\\fe_h5_home_personal_center\\src\\pages\\privacy_setting\\PrivacySetting.tsx","id":"src_fe_h5_home_personal_center_src_pages_privacy_setting_PrivacySetting_tsx-84-28","raw":"      <FormList.Item label=\"不展示我的「小班」\">\r","chn":"不展示我的「小班」","lineNum":84,"startAt":28,"length":9},{"path":"src\\fe_h5_home_personal_center\\src\\pages\\privacy_setting\\PrivacySetting.tsx","id":"src_fe_h5_home_personal_center_src_pages_privacy_setting_PrivacySetting_tsx-101-28","raw":"      <FormList.Item label=\"不展示我的「小队」\">\r","chn":"不展示我的「小队」","lineNum":101,"startAt":28,"length":9},{"path":"src\\fe_h5_home_personal_center\\src\\pages\\privacy_setting\\PrivacySetting.tsx","id":"src_fe_h5_home_personal_center_src_pages_privacy_setting_PrivacySetting_tsx-121-15","raw":"        title=\"请选择你想在个人主页展示的小班\"\r","chn":"请选择你想在个人主页展示的小班","lineNum":121,"startAt":15,"length":15},{"path":"src\\fe_h5_home_personal_center\\src\\services\\useInviteDeskmate.ts","id":"src_fe_h5_home_personal_center_src_services_useInviteDeskmate_ts-64-18","raw":"          title: '申请失败',\r","chn":"申请失败","lineNum":64,"startAt":18,"length":4},{"path":"src\\fe_h5_home_personal_center\\src\\services\\useInviteDeskmate.ts","id":"src_fe_h5_home_personal_center_src_services_useInviteDeskmate_ts-66-18","raw":"          textR: '知道了',\r","chn":"知道了","lineNum":66,"startAt":18,"length":3},{"path":"src\\fe_h5_home_personal_center\\src\\services\\useInviteJoinGroup.ts","id":"src_fe_h5_home_personal_center_src_services_useInviteJoinGroup_ts-36-18","raw":"          title: '邀请失败',\r","chn":"邀请失败","lineNum":36,"startAt":18,"length":4},{"path":"src\\fe_h5_home_personal_center\\src\\services\\useInviteJoinGroup.ts","id":"src_fe_h5_home_personal_center_src_services_useInviteJoinGroup_ts-38-18","raw":"          textR: '知道了',\r","chn":"知道了","lineNum":38,"startAt":18,"length":3},{"path":"src\\fe_h5_home_personal_center\\src\\services\\useJoinGroup.ts","id":"src_fe_h5_home_personal_center_src_services_useJoinGroup_ts-36-18","raw":"          title: '加入失败',\r","chn":"加入失败","lineNum":36,"startAt":18,"length":4},{"path":"src\\fe_h5_home_personal_center\\src\\services\\useJoinGroup.ts","id":"src_fe_h5_home_personal_center_src_services_useJoinGroup_ts-38-18","raw":"          textR: '知道了',\r","chn":"知道了","lineNum":38,"startAt":18,"length":3},{"path":"src\\fe_h5_home_personal_center\\src\\services\\useJoinTeam.ts","id":"src_fe_h5_home_personal_center_src_services_useJoinTeam_ts-6-6","raw":"  0: '成功',\r","chn":"成功","lineNum":6,"startAt":6,"length":2},{"path":"src\\fe_h5_home_personal_center\\src\\services\\useJoinTeam.ts","id":"src_fe_h5_home_personal_center_src_services_useJoinTeam_ts-7-6","raw":"  1: '来晚了一步，队伍过期',\r","chn":"来晚了一步，队伍过期","lineNum":7,"startAt":6,"length":10},{"path":"src\\fe_h5_home_personal_center\\src\\services\\useJoinTeam.ts","id":"src_fe_h5_home_personal_center_src_services_useJoinTeam_ts-8-6","raw":"  2: '来晚了一步，队伍失效',\r","chn":"来晚了一步，队伍失效","lineNum":8,"startAt":6,"length":10},{"path":"src\\fe_h5_home_personal_center\\src\\services\\useJoinTeam.ts","id":"src_fe_h5_home_personal_center_src_services_useJoinTeam_ts-9-6","raw":"  3: '您已加入或正在加入其他队伍',\r","chn":"您已加入或正在加入其他队伍","lineNum":9,"startAt":6,"length":13},{"path":"src\\fe_h5_home_personal_center\\src\\services\\useJoinTeam.ts","id":"src_fe_h5_home_personal_center_src_services_useJoinTeam_ts-10-6","raw":"  4: '抱歉，队名非法',\r","chn":"抱歉，队名非法","lineNum":10,"startAt":6,"length":7},{"path":"src\\fe_h5_home_personal_center\\src\\services\\useJoinTeam.ts","id":"src_fe_h5_home_personal_center_src_services_useJoinTeam_ts-11-6","raw":"  5: '来晚了一步，队伍满啦',\r","chn":"来晚了一步，队伍满啦","lineNum":11,"startAt":6,"length":10},{"path":"src\\fe_h5_home_personal_center\\src\\services\\useJoinTeam.ts","id":"src_fe_h5_home_personal_center_src_services_useJoinTeam_ts-12-6","raw":"  6: '其他错误，请重试',\r","chn":"其他错误，请重试","lineNum":12,"startAt":6,"length":8},{"path":"src\\fe_h5_home_personal_center\\src\\services\\useJoinTeam.ts","id":"src_fe_h5_home_personal_center_src_services_useJoinTeam_ts-48-18","raw":"          title: '加入失败',\r","chn":"加入失败","lineNum":48,"startAt":18,"length":4},{"path":"src\\fe_h5_home_personal_center\\src\\services\\useJoinTeam.ts","id":"src_fe_h5_home_personal_center_src_services_useJoinTeam_ts-50-18","raw":"          textR: '知道了',\r","chn":"知道了","lineNum":50,"startAt":18,"length":3},{"path":"src\\fe_h5_home_personal_center\\src\\utils\\openWX.ts","id":"src_fe_h5_home_personal_center_src_utils_openWX_ts-10-18","raw":"      Toast.show('请升级客户端版本')\r","chn":"请升级客户端版本","lineNum":10,"startAt":18,"length":8},{"path":"src\\fe_h5_home_personal_center\\src\\utils\\openWX.ts","id":"src_fe_h5_home_personal_center_src_utils_openWX_ts-22-18","raw":"      Toast.show('请升级客户端版本')\r","chn":"请升级客户端版本","lineNum":22,"startAt":18,"length":8}]