[{"path":"src\\fe_h5_deskmate_mall\\src\\App.tsx","id":"src_fe_h5_deskmate_mall_src_App_tsx","raw":"  useTitle('同桌小卖部')\r","chn":"同桌小卖部","lineNum":14,"startAt":12,"length":5},{"path":"src\\fe_h5_deskmate_mall\\src\\components\\Mashroom\\Loading.tsx","id":"src_fe_h5_deskmate_mall_src_components_Mashroom_Loading_tsx","raw":"    if (type === 'angry') return '网真慢！…'\r","chn":"网真慢！","lineNum":40,"startAt":34,"length":4},{"path":"src\\fe_h5_deskmate_mall\\src\\components\\Mashroom\\Loading.tsx","id":"src_fe_h5_deskmate_mall_src_components_Mashroom_Loading_tsx","raw":"    if (type === 'cool') return '帅气加载中...'\r","chn":"帅气加载中","lineNum":41,"startAt":33,"length":5},{"path":"src\\fe_h5_deskmate_mall\\src\\components\\Mashroom\\Loading.tsx","id":"src_fe_h5_deskmate_mall_src_components_Mashroom_Loading_tsx","raw":"    if (type === 'terrified') return '诶，还在这？...'\r","chn":"诶，还在这？","lineNum":42,"startAt":38,"length":6},{"path":"src\\fe_h5_deskmate_mall\\src\\components\\Mashroom\\Loading.tsx","id":"src_fe_h5_deskmate_mall_src_components_Mashroom_Loading_tsx","raw":"    return '微笑等待...'\r","chn":"微笑等待","lineNum":43,"startAt":12,"length":4},{"path":"src\\fe_h5_deskmate_mall\\src\\components\\PropCard\\PropCard.tsx","id":"src_fe_h5_deskmate_mall_src_components_PropCard_PropCard_tsx","raw":"        {isInBackpack ? <div className={styles.remainCnt}>剩余数量：{num}</div> : <></>}\r","chn":"剩余数量","lineNum":32,"startAt":58,"length":4},{"path":"src\\fe_h5_deskmate_mall\\src\\components\\PropCard\\PropCard.tsx","id":"src_fe_h5_deskmate_mall_src_components_PropCard_PropCard_tsx","raw":"          <div className={styles.credit}>{credit}兑换</div>\r","chn":"兑换","lineNum":39,"startAt":49,"length":2},{"path":"src\\fe_h5_deskmate_mall\\src\\components\\share_pic\\SharePic.tsx","id":"src_fe_h5_deskmate_mall_src_components_share_pic_SharePic_tsx","raw":"        <div className={styles.line2}>Hi~ 我在百词斩已经</div>\r","chn":"我在百词斩已经","lineNum":51,"startAt":42,"length":7},{"path":"src\\fe_h5_deskmate_mall\\src\\components\\share_pic\\SharePic.tsx","id":"src_fe_h5_deskmate_mall_src_components_share_pic_SharePic_tsx","raw":"          累计打卡<span>{pdData?.dakaDays}</span>天\r","chn":"累计打卡","lineNum":53,"startAt":10,"length":4},{"path":"src\\fe_h5_deskmate_mall\\src\\components\\share_pic\\SharePic.tsx","id":"src_fe_h5_deskmate_mall_src_components_share_pic_SharePic_tsx","raw":"          累计打卡<span>{pdData?.dakaDays}</span>天\r","chn":"天","lineNum":53,"startAt":45,"length":1},{"path":"src\\fe_h5_deskmate_mall\\src\\components\\share_pic\\SharePic.tsx","id":"src_fe_h5_deskmate_mall_src_components_share_pic_SharePic_tsx","raw":"          累计已学<span>{pdData?.totalStudyCount}</span>词\r","chn":"累计已学","lineNum":56,"startAt":10,"length":4},{"path":"src\\fe_h5_deskmate_mall\\src\\components\\share_pic\\SharePic.tsx","id":"src_fe_h5_deskmate_mall_src_components_share_pic_SharePic_tsx","raw":"          累计已学<span>{pdData?.totalStudyCount}</span>词\r","chn":"词","lineNum":56,"startAt":52,"length":1},{"path":"src\\fe_h5_deskmate_mall\\src\\components\\share_pic\\SharePic.tsx","id":"src_fe_h5_deskmate_mall_src_components_share_pic_SharePic_tsx","raw":"        <div className={styles.hint}>来百词斩加我好友 一起坚持背单词</div>\r","chn":"来百词斩加我好友","lineNum":63,"startAt":37,"length":8},{"path":"src\\fe_h5_deskmate_mall\\src\\components\\share_pic\\SharePic.tsx","id":"src_fe_h5_deskmate_mall_src_components_share_pic_SharePic_tsx","raw":"        <div className={styles.hint}>来百词斩加我好友 一起坚持背单词</div>\r","chn":"一起坚持背单词","lineNum":63,"startAt":46,"length":7},{"path":"src\\fe_h5_deskmate_mall\\src\\configs\\env.ts","id":"src_fe_h5_deskmate_mall_src_configs_env_ts","raw":"export const UPGRADE_TIPS = '客户端版本过低，请先更新'\r","chn":"客户端版本过低，请先更新","lineNum":18,"startAt":29,"length":12},{"path":"src\\fe_h5_deskmate_mall\\src\\pages\\Backpack\\Backpack.tsx","id":"src_fe_h5_deskmate_mall_src_pages_Backpack_Backpack_tsx","raw":"        title: '对「同桌场景」感兴趣？',\r","chn":"对「同桌场景」感兴趣？","lineNum":149,"startAt":16,"length":11},{"path":"src\\fe_h5_deskmate_mall\\src\\pages\\Backpack\\Backpack.tsx","id":"src_fe_h5_deskmate_mall_src_pages_Backpack_Backpack_tsx","raw":"        content: '前往了解什么是「同桌」，\\n即可解锁「同桌场景」',\r","chn":"前往了解什么是「同桌」，","lineNum":150,"startAt":18,"length":12},{"path":"src\\fe_h5_deskmate_mall\\src\\pages\\Backpack\\Backpack.tsx","id":"src_fe_h5_deskmate_mall_src_pages_Backpack_Backpack_tsx","raw":"        content: '前往了解什么是「同桌」，\\n即可解锁「同桌场景」',\r","chn":"即可解锁「同桌场景」","lineNum":150,"startAt":32,"length":10},{"path":"src\\fe_h5_deskmate_mall\\src\\pages\\Backpack\\Backpack.tsx","id":"src_fe_h5_deskmate_mall_src_pages_Backpack_Backpack_tsx","raw":"        textR: '前往解锁',\r","chn":"前往解锁","lineNum":151,"startAt":16,"length":4},{"path":"src\\fe_h5_deskmate_mall\\src\\pages\\Backpack\\Backpack.tsx","id":"src_fe_h5_deskmate_mall_src_pages_Backpack_Backpack_tsx","raw":"        textL: '取消',\r","chn":"取消","lineNum":152,"startAt":16,"length":2},{"path":"src\\fe_h5_deskmate_mall\\src\\pages\\Backpack\\Backpack.tsx","id":"src_fe_h5_deskmate_mall_src_pages_Backpack_Backpack_tsx","raw":"                textR: '返回编辑',\r","chn":"返回编辑","lineNum":252,"startAt":24,"length":4},{"path":"src\\fe_h5_deskmate_mall\\src\\pages\\Backpack\\Backpack.tsx","id":"src_fe_h5_deskmate_mall_src_pages_Backpack_Backpack_tsx","raw":"                title: '装扮还没有保存哦，确定退出吗？',\r","chn":"装扮还没有保存哦，确定退出吗？","lineNum":253,"startAt":24,"length":15},{"path":"src\\fe_h5_deskmate_mall\\src\\pages\\Backpack\\Backpack.tsx","id":"src_fe_h5_deskmate_mall_src_pages_Backpack_Backpack_tsx","raw":"                textL: '确认退出',\r","chn":"确认退出","lineNum":255,"startAt":24,"length":4},{"path":"src\\fe_h5_deskmate_mall\\src\\pages\\Backpack\\Backpack.tsx","id":"src_fe_h5_deskmate_mall_src_pages_Backpack_Backpack_tsx","raw":"                textR: '去分享',\r","chn":"去分享","lineNum":267,"startAt":24,"length":3},{"path":"src\\fe_h5_deskmate_mall\\src\\pages\\Backpack\\Backpack.tsx","id":"src_fe_h5_deskmate_mall_src_pages_Backpack_Backpack_tsx","raw":"                title: '分享我的新装扮',\r","chn":"分享我的新装扮","lineNum":268,"startAt":24,"length":7},{"path":"src\\fe_h5_deskmate_mall\\src\\pages\\Backpack\\Backpack.tsx","id":"src_fe_h5_deskmate_mall_src_pages_Backpack_Backpack_tsx","raw":"                content: '哇，新装扮太酷了，\\n快去和朋友们晒一晒！',\r","chn":"哇，新装扮太酷了，","lineNum":269,"startAt":26,"length":9},{"path":"src\\fe_h5_deskmate_mall\\src\\pages\\Backpack\\Backpack.tsx","id":"src_fe_h5_deskmate_mall_src_pages_Backpack_Backpack_tsx","raw":"                content: '哇，新装扮太酷了，\\n快去和朋友们晒一晒！',\r","chn":"快去和朋友们晒一晒！","lineNum":269,"startAt":37,"length":10},{"path":"src\\fe_h5_deskmate_mall\\src\\pages\\Backpack\\Backpack.tsx","id":"src_fe_h5_deskmate_mall_src_pages_Backpack_Backpack_tsx","raw":"                textL: '退出',\r","chn":"退出","lineNum":271,"startAt":24,"length":2},{"path":"src\\fe_h5_deskmate_mall\\src\\pages\\Backpack\\Backpack.tsx","id":"src_fe_h5_deskmate_mall_src_pages_Backpack_Backpack_tsx","raw":"          左右滑动下方场景试试~可以查看更多哟~\r","chn":"左右滑动下方场景试试","lineNum":282,"startAt":10,"length":10},{"path":"src\\fe_h5_deskmate_mall\\src\\pages\\Backpack\\Backpack.tsx","id":"src_fe_h5_deskmate_mall_src_pages_Backpack_Backpack_tsx","raw":"          左右滑动下方场景试试~可以查看更多哟~\r","chn":"可以查看更多哟","lineNum":282,"startAt":21,"length":7},{"path":"src\\fe_h5_deskmate_mall\\src\\pages\\Backpack\\comp\\Drawer\\Drawer.tsx","id":"src_fe_h5_deskmate_mall_src_pages_Backpack_comp_Drawer_Drawer_tsx","raw":"      return Toast.show('糟糕！你还没有同桌，快去找个同桌炫耀穿搭吧～')\r","chn":"糟糕！你还没有同桌，快去找个同桌炫耀穿搭吧～","lineNum":99,"startAt":25,"length":22},{"path":"src\\fe_h5_deskmate_mall\\src\\pages\\Backpack\\comp\\Drawer\\Drawer.tsx","id":"src_fe_h5_deskmate_mall_src_pages_Backpack_comp_Drawer_Drawer_tsx","raw":"      Toast.show('装扮成功，快去校牌主页看看吧～')\r","chn":"装扮成功，快去校牌主页看看吧～","lineNum":118,"startAt":18,"length":15},{"path":"src\\fe_h5_deskmate_mall\\src\\pages\\Backpack\\comp\\Drawer\\Drawer.tsx","id":"src_fe_h5_deskmate_mall_src_pages_Backpack_comp_Drawer_Drawer_tsx","raw":"      Toast.show('装扮成功，快去同桌主页看看吧～')\r","chn":"装扮成功，快去同桌主页看看吧～","lineNum":120,"startAt":18,"length":15},{"path":"src\\fe_h5_deskmate_mall\\src\\pages\\Backpack\\comp\\Drawer\\Drawer.tsx","id":"src_fe_h5_deskmate_mall_src_pages_Backpack_comp_Drawer_Drawer_tsx","raw":"          保存\r","chn":"保存","lineNum":164,"startAt":10,"length":2},{"path":"src\\fe_h5_deskmate_mall\\src\\pages\\Backpack\\comp\\Drawer\\Drawer.tsx","id":"src_fe_h5_deskmate_mall_src_pages_Backpack_comp_Drawer_Drawer_tsx","raw":"          Toast.show('糟糕！你还没有同桌，先找个同桌吧～')\r","chn":"糟糕！你还没有同桌，先找个同桌吧～","lineNum":226,"startAt":22,"length":17},{"path":"src\\fe_h5_deskmate_mall\\src\\pages\\Backpack\\comp\\Drawer\\Drawer.tsx","id":"src_fe_h5_deskmate_mall_src_pages_Backpack_comp_Drawer_Drawer_tsx","raw":"            title: '确认使用天数复原卡吗？',\r","chn":"确认使用天数复原卡吗？","lineNum":229,"startAt":20,"length":11},{"path":"src\\fe_h5_deskmate_mall\\src\\pages\\Backpack\\comp\\Drawer\\Drawer.tsx","id":"src_fe_h5_deskmate_mall_src_pages_Backpack_comp_Drawer_Drawer_tsx","raw":"            content: `你和[${deskmateData?.deskmate.name}]\\n当前同桌${\r","chn":"你和","lineNum":230,"startAt":22,"length":2},{"path":"src\\fe_h5_deskmate_mall\\src\\pages\\Backpack\\comp\\Drawer\\Drawer.tsx","id":"src_fe_h5_deskmate_mall_src_pages_Backpack_comp_Drawer_Drawer_tsx","raw":"            content: `你和[${deskmateData?.deskmate.name}]\\n当前同桌${\r","chn":"当前同桌","lineNum":230,"startAt":58,"length":4},{"path":"src\\fe_h5_deskmate_mall\\src\\pages\\Backpack\\comp\\Drawer\\Drawer.tsx","id":"src_fe_h5_deskmate_mall_src_pages_Backpack_comp_Drawer_Drawer_tsx","raw":"            }天，历史同桌${\r","chn":"天，历史同桌","lineNum":232,"startAt":13,"length":6},{"path":"src\\fe_h5_deskmate_mall\\src\\pages\\Backpack\\comp\\Drawer\\Drawer.tsx","id":"src_fe_h5_deskmate_mall_src_pages_Backpack_comp_Drawer_Drawer_tsx","raw":"            }天\\n若使用该道具，将重新计算为\\n累加成为同桌${\r","chn":"天","lineNum":234,"startAt":13,"length":1},{"path":"src\\fe_h5_deskmate_mall\\src\\pages\\Backpack\\comp\\Drawer\\Drawer.tsx","id":"src_fe_h5_deskmate_mall_src_pages_Backpack_comp_Drawer_Drawer_tsx","raw":"            }天\\n若使用该道具，将重新计算为\\n累加成为同桌${\r","chn":"若使用该道具，将重新计算为","lineNum":234,"startAt":16,"length":13},{"path":"src\\fe_h5_deskmate_mall\\src\\pages\\Backpack\\comp\\Drawer\\Drawer.tsx","id":"src_fe_h5_deskmate_mall_src_pages_Backpack_comp_Drawer_Drawer_tsx","raw":"            }天\\n若使用该道具，将重新计算为\\n累加成为同桌${\r","chn":"累加成为同桌","lineNum":234,"startAt":31,"length":6},{"path":"src\\fe_h5_deskmate_mall\\src\\pages\\Backpack\\comp\\Drawer\\Drawer.tsx","id":"src_fe_h5_deskmate_mall_src_pages_Backpack_comp_Drawer_Drawer_tsx","raw":"            }天`,\r","chn":"天","lineNum":236,"startAt":13,"length":1},{"path":"src\\fe_h5_deskmate_mall\\src\\pages\\Backpack\\comp\\Drawer\\Drawer.tsx","id":"src_fe_h5_deskmate_mall_src_pages_Backpack_comp_Drawer_Drawer_tsx","raw":"            textR: '立即使用',\r","chn":"立即使用","lineNum":237,"startAt":20,"length":4},{"path":"src\\fe_h5_deskmate_mall\\src\\pages\\Backpack\\comp\\Drawer\\Drawer.tsx","id":"src_fe_h5_deskmate_mall_src_pages_Backpack_comp_Drawer_Drawer_tsx","raw":"            textL: '返回',\r","chn":"返回","lineNum":238,"startAt":20,"length":2},{"path":"src\\fe_h5_deskmate_mall\\src\\pages\\Backpack\\comp\\Drawer\\Drawer.tsx","id":"src_fe_h5_deskmate_mall_src_pages_Backpack_comp_Drawer_Drawer_tsx","raw":"                  Toast.show('兑换成功！同桌天数已累加，快去同桌主页看看吧～')\r","chn":"兑换成功！同桌天数已累加，快去同桌主页看看吧～","lineNum":245,"startAt":30,"length":23},{"path":"src\\fe_h5_deskmate_mall\\src\\pages\\Backpack\\comp\\Drawer\\Drawer.tsx","id":"src_fe_h5_deskmate_mall_src_pages_Backpack_comp_Drawer_Drawer_tsx","raw":"                  Toast.show(e.message || '当前同桌天数已复原过，无法再购买啦')\r","chn":"当前同桌天数已复原过，无法再购买啦","lineNum":249,"startAt":43,"length":17},{"path":"src\\fe_h5_deskmate_mall\\src\\pages\\Backpack\\comp\\Select\\Select.tsx","id":"src_fe_h5_deskmate_mall_src_pages_Backpack_comp_Select_Select_tsx","raw":"  { content: '个人装扮', cate: 1 },\r","chn":"个人装扮","lineNum":9,"startAt":14,"length":4},{"path":"src\\fe_h5_deskmate_mall\\src\\pages\\Backpack\\comp\\Select\\Select.tsx","id":"src_fe_h5_deskmate_mall_src_pages_Backpack_comp_Select_Select_tsx","raw":"  { content: '同桌场景', cate: 2 },\r","chn":"同桌场景","lineNum":10,"startAt":14,"length":4},{"path":"src\\fe_h5_deskmate_mall\\src\\pages\\Backpack\\comp\\Select\\Select.tsx","id":"src_fe_h5_deskmate_mall_src_pages_Backpack_comp_Select_Select_tsx","raw":"  { content: '校牌', cate: 3 },\r","chn":"校牌","lineNum":11,"startAt":14,"length":2},{"path":"src\\fe_h5_deskmate_mall\\src\\pages\\Backpack\\comp\\Select\\Select.tsx","id":"src_fe_h5_deskmate_mall_src_pages_Backpack_comp_Select_Select_tsx","raw":"  { content: '道具卡', cate: 5 },\r","chn":"道具卡","lineNum":12,"startAt":14,"length":3},{"path":"src\\fe_h5_deskmate_mall\\src\\pages\\Mall\\comp\\Content\\Content.tsx","id":"src_fe_h5_deskmate_mall_src_pages_Mall_comp_Content_Content_tsx","raw":"    rule: '兑换天数复原卡后，当前同桌天数将累加历史同桌天数。且同桌主页牌匾将会升级。',\r","chn":"兑换天数复原卡后，当前同桌天数将累加历史同桌天数。且同桌主页牌匾将会升级。","lineNum":24,"startAt":11,"length":37},{"path":"src\\fe_h5_deskmate_mall\\src\\pages\\Mall\\comp\\Content\\Content.tsx","id":"src_fe_h5_deskmate_mall_src_pages_Mall_comp_Content_Content_tsx","raw":"      '单次使用仅对当前关系有效，若当前关系再次破裂，再度结为同桌时天数不会累积。',\r","chn":"单次使用仅对当前关系有效，若当前关系再次破裂，再度结为同桌时天数不会累积。","lineNum":26,"startAt":7,"length":37},{"path":"src\\fe_h5_deskmate_mall\\src\\pages\\Mall\\comp\\Content\\Content.tsx","id":"src_fe_h5_deskmate_mall_src_pages_Mall_comp_Content_Content_tsx","raw":"      '支持购买后不立即使用，之后再用。',\r","chn":"支持购买后不立即使用，之后再用。","lineNum":27,"startAt":7,"length":16},{"path":"src\\fe_h5_deskmate_mall\\src\\pages\\Mall\\comp\\Content\\Content.tsx","id":"src_fe_h5_deskmate_mall_src_pages_Mall_comp_Content_Content_tsx","raw":"      '铜板一经使用不支持退还。',\r","chn":"铜板一经使用不支持退还。","lineNum":28,"startAt":7,"length":12},{"path":"src\\fe_h5_deskmate_mall\\src\\pages\\Mall\\comp\\Content\\Content.tsx","id":"src_fe_h5_deskmate_mall_src_pages_Mall_comp_Content_Content_tsx","raw":"    rule: '兑换小班招新卡后，对应小班会出现在推荐小班列表，持续时间为 24 小时。（起止时间以成功使用道具卡的时间开始计算）',\r","chn":"兑换小班招新卡后，对应小班会出现在推荐小班列表，持续时间为","lineNum":32,"startAt":11,"length":29},{"path":"src\\fe_h5_deskmate_mall\\src\\pages\\Mall\\comp\\Content\\Content.tsx","id":"src_fe_h5_deskmate_mall_src_pages_Mall_comp_Content_Content_tsx","raw":"    rule: '兑换小班招新卡后，对应小班会出现在推荐小班列表，持续时间为 24 小时。（起止时间以成功使用道具卡的时间开始计算）',\r","chn":"小时。（起止时间以成功使用道具卡的时间开始计算）","lineNum":32,"startAt":44,"length":24},{"path":"src\\fe_h5_deskmate_mall\\src\\pages\\Mall\\comp\\Content\\Content.tsx","id":"src_fe_h5_deskmate_mall_src_pages_Mall_comp_Content_Content_tsx","raw":"      '小班招新卡可重复购买，每多购买一张，推荐有效时长以成功使用道具卡为准。',\r","chn":"小班招新卡可重复购买，每多购买一张，推荐有效时长以成功使用道具卡为准。","lineNum":34,"startAt":7,"length":35},{"path":"src\\fe_h5_deskmate_mall\\src\\pages\\Mall\\comp\\Content\\Content.tsx","id":"src_fe_h5_deskmate_mall_src_pages_Mall_comp_Content_Content_tsx","raw":"      '支持购买后不立即使用，之后再用。',\r","chn":"支持购买后不立即使用，之后再用。","lineNum":35,"startAt":7,"length":16},{"path":"src\\fe_h5_deskmate_mall\\src\\pages\\Mall\\comp\\Content\\Content.tsx","id":"src_fe_h5_deskmate_mall_src_pages_Mall_comp_Content_Content_tsx","raw":"      '铜板一经使用不支持退还。',\r","chn":"铜板一经使用不支持退还。","lineNum":36,"startAt":7,"length":12},{"path":"src\\fe_h5_deskmate_mall\\src\\pages\\Mall\\comp\\Content\\Content.tsx","id":"src_fe_h5_deskmate_mall_src_pages_Mall_comp_Content_Content_tsx","raw":"        小班招新卡只能对<b>自己创建</b>的班级使用，不能对加入的班级使用。\r","chn":"小班招新卡只能对","lineNum":38,"startAt":8,"length":8},{"path":"src\\fe_h5_deskmate_mall\\src\\pages\\Mall\\comp\\Content\\Content.tsx","id":"src_fe_h5_deskmate_mall_src_pages_Mall_comp_Content_Content_tsx","raw":"        小班招新卡只能对<b>自己创建</b>的班级使用，不能对加入的班级使用。\r","chn":"自己创建","lineNum":38,"startAt":19,"length":4},{"path":"src\\fe_h5_deskmate_mall\\src\\pages\\Mall\\comp\\Content\\Content.tsx","id":"src_fe_h5_deskmate_mall_src_pages_Mall_comp_Content_Content_tsx","raw":"        小班招新卡只能对<b>自己创建</b>的班级使用，不能对加入的班级使用。\r","chn":"的班级使用，不能对加入的班级使用。","lineNum":38,"startAt":27,"length":17},{"path":"src\\fe_h5_deskmate_mall\\src\\pages\\Mall\\comp\\Content\\Content.tsx","id":"src_fe_h5_deskmate_mall_src_pages_Mall_comp_Content_Content_tsx","raw":"            ? '你还没有同桌，无法查看装扮，仍要购买吗？'\r","chn":"你还没有同桌，无法查看装扮，仍要购买吗？","lineNum":54,"startAt":15,"length":20},{"path":"src\\fe_h5_deskmate_mall\\src\\pages\\Mall\\comp\\Content\\Content.tsx","id":"src_fe_h5_deskmate_mall_src_pages_Mall_comp_Content_Content_tsx","raw":"            : `确认支付${o.credit}铜板吗？`,\r","chn":"确认支付","lineNum":55,"startAt":15,"length":4},{"path":"src\\fe_h5_deskmate_mall\\src\\pages\\Mall\\comp\\Content\\Content.tsx","id":"src_fe_h5_deskmate_mall_src_pages_Mall_comp_Content_Content_tsx","raw":"            : `确认支付${o.credit}铜板吗？`,\r","chn":"铜板吗？","lineNum":55,"startAt":30,"length":4},{"path":"src\\fe_h5_deskmate_mall\\src\\pages\\Mall\\comp\\Content\\Content.tsx","id":"src_fe_h5_deskmate_mall_src_pages_Mall_comp_Content_Content_tsx","raw":"              title: '兑换成功',\r","chn":"兑换成功","lineNum":71,"startAt":22,"length":4},{"path":"src\\fe_h5_deskmate_mall\\src\\pages\\Mall\\comp\\Content\\Content.tsx","id":"src_fe_h5_deskmate_mall_src_pages_Mall_comp_Content_Content_tsx","raw":"              content: '之后如需装扮\\n可在[背包]中查看',\r","chn":"之后如需装扮","lineNum":72,"startAt":24,"length":6},{"path":"src\\fe_h5_deskmate_mall\\src\\pages\\Mall\\comp\\Content\\Content.tsx","id":"src_fe_h5_deskmate_mall_src_pages_Mall_comp_Content_Content_tsx","raw":"              content: '之后如需装扮\\n可在[背包]中查看',\r","chn":"可在","lineNum":72,"startAt":32,"length":2},{"path":"src\\fe_h5_deskmate_mall\\src\\pages\\Mall\\comp\\Content\\Content.tsx","id":"src_fe_h5_deskmate_mall_src_pages_Mall_comp_Content_Content_tsx","raw":"              content: '之后如需装扮\\n可在[背包]中查看',\r","chn":"背包","lineNum":72,"startAt":35,"length":2},{"path":"src\\fe_h5_deskmate_mall\\src\\pages\\Mall\\comp\\Content\\Content.tsx","id":"src_fe_h5_deskmate_mall_src_pages_Mall_comp_Content_Content_tsx","raw":"              content: '之后如需装扮\\n可在[背包]中查看',\r","chn":"中查看","lineNum":72,"startAt":38,"length":3},{"path":"src\\fe_h5_deskmate_mall\\src\\pages\\Mall\\comp\\Content\\Content.tsx","id":"src_fe_h5_deskmate_mall_src_pages_Mall_comp_Content_Content_tsx","raw":"              textL: '返回',\r","chn":"返回","lineNum":76,"startAt":22,"length":2},{"path":"src\\fe_h5_deskmate_mall\\src\\pages\\Mall\\comp\\Content\\Content.tsx","id":"src_fe_h5_deskmate_mall_src_pages_Mall_comp_Content_Content_tsx","raw":"              textR: '立即装扮',\r","chn":"立即装扮","lineNum":77,"startAt":22,"length":4},{"path":"src\\fe_h5_deskmate_mall\\src\\pages\\Mall\\comp\\Content\\Content.tsx","id":"src_fe_h5_deskmate_mall_src_pages_Mall_comp_Content_Content_tsx","raw":"        textL: '再想想',\r","chn":"再想想","lineNum":106,"startAt":16,"length":3},{"path":"src\\fe_h5_deskmate_mall\\src\\pages\\Mall\\comp\\Content\\Content.tsx","id":"src_fe_h5_deskmate_mall_src_pages_Mall_comp_Content_Content_tsx","raw":"        textR: '确认',\r","chn":"确认","lineNum":107,"startAt":16,"length":2},{"path":"src\\fe_h5_deskmate_mall\\src\\pages\\Mall\\comp\\Content\\Content.tsx","id":"src_fe_h5_deskmate_mall_src_pages_Mall_comp_Content_Content_tsx","raw":"            title: '兑换成功',\r","chn":"兑换成功","lineNum":161,"startAt":20,"length":4},{"path":"src\\fe_h5_deskmate_mall\\src\\pages\\Mall\\comp\\Content\\Content.tsx","id":"src_fe_h5_deskmate_mall_src_pages_Mall_comp_Content_Content_tsx","raw":"            content: '之后如需使用\\n可在[背包]-[道具]中查看',\r","chn":"之后如需使用","lineNum":162,"startAt":22,"length":6},{"path":"src\\fe_h5_deskmate_mall\\src\\pages\\Mall\\comp\\Content\\Content.tsx","id":"src_fe_h5_deskmate_mall_src_pages_Mall_comp_Content_Content_tsx","raw":"            content: '之后如需使用\\n可在[背包]-[道具]中查看',\r","chn":"可在","lineNum":162,"startAt":30,"length":2},{"path":"src\\fe_h5_deskmate_mall\\src\\pages\\Mall\\comp\\Content\\Content.tsx","id":"src_fe_h5_deskmate_mall_src_pages_Mall_comp_Content_Content_tsx","raw":"            content: '之后如需使用\\n可在[背包]-[道具]中查看',\r","chn":"背包","lineNum":162,"startAt":33,"length":2},{"path":"src\\fe_h5_deskmate_mall\\src\\pages\\Mall\\comp\\Content\\Content.tsx","id":"src_fe_h5_deskmate_mall_src_pages_Mall_comp_Content_Content_tsx","raw":"            content: '之后如需使用\\n可在[背包]-[道具]中查看',\r","chn":"道具","lineNum":162,"startAt":38,"length":2},{"path":"src\\fe_h5_deskmate_mall\\src\\pages\\Mall\\comp\\Content\\Content.tsx","id":"src_fe_h5_deskmate_mall_src_pages_Mall_comp_Content_Content_tsx","raw":"            content: '之后如需使用\\n可在[背包]-[道具]中查看',\r","chn":"中查看","lineNum":162,"startAt":41,"length":3},{"path":"src\\fe_h5_deskmate_mall\\src\\pages\\Mall\\comp\\Content\\Content.tsx","id":"src_fe_h5_deskmate_mall_src_pages_Mall_comp_Content_Content_tsx","raw":"            textL: '返回',\r","chn":"返回","lineNum":166,"startAt":20,"length":2},{"path":"src\\fe_h5_deskmate_mall\\src\\pages\\Mall\\comp\\Content\\Content.tsx","id":"src_fe_h5_deskmate_mall_src_pages_Mall_comp_Content_Content_tsx","raw":"            textR: '立即使用',\r","chn":"立即使用","lineNum":167,"startAt":20,"length":4},{"path":"src\\fe_h5_deskmate_mall\\src\\pages\\Mall\\comp\\Content\\Content.tsx","id":"src_fe_h5_deskmate_mall_src_pages_Mall_comp_Content_Content_tsx","raw":"          title: '确认兑换招新卡吗?',\r","chn":"确认兑换招新卡吗","lineNum":198,"startAt":18,"length":8},{"path":"src\\fe_h5_deskmate_mall\\src\\pages\\Mall\\comp\\Content\\Content.tsx","id":"src_fe_h5_deskmate_mall_src_pages_Mall_comp_Content_Content_tsx","raw":"              招新卡只能对\r","chn":"招新卡只能对","lineNum":201,"startAt":14,"length":6},{"path":"src\\fe_h5_deskmate_mall\\src\\pages\\Mall\\comp\\Content\\Content.tsx","id":"src_fe_h5_deskmate_mall_src_pages_Mall_comp_Content_Content_tsx","raw":"              <b>自己创建</b>的小班使用哦\r","chn":"自己创建","lineNum":203,"startAt":17,"length":4},{"path":"src\\fe_h5_deskmate_mall\\src\\pages\\Mall\\comp\\Content\\Content.tsx","id":"src_fe_h5_deskmate_mall_src_pages_Mall_comp_Content_Content_tsx","raw":"              <b>自己创建</b>的小班使用哦\r","chn":"的小班使用哦","lineNum":203,"startAt":25,"length":6},{"path":"src\\fe_h5_deskmate_mall\\src\\pages\\Mall\\comp\\Content\\Content.tsx","id":"src_fe_h5_deskmate_mall_src_pages_Mall_comp_Content_Content_tsx","raw":"          textL: '再想想',\r","chn":"再想想","lineNum":208,"startAt":18,"length":3},{"path":"src\\fe_h5_deskmate_mall\\src\\pages\\Mall\\comp\\Content\\Content.tsx","id":"src_fe_h5_deskmate_mall_src_pages_Mall_comp_Content_Content_tsx","raw":"          textR: '确认',\r","chn":"确认","lineNum":209,"startAt":18,"length":2},{"path":"src\\fe_h5_deskmate_mall\\src\\pages\\Mall\\comp\\Content\\Content.tsx","id":"src_fe_h5_deskmate_mall_src_pages_Mall_comp_Content_Content_tsx","raw":"          title: '确认兑换天数复原卡吗？',\r","chn":"确认兑换天数复原卡吗？","lineNum":214,"startAt":18,"length":11},{"path":"src\\fe_h5_deskmate_mall\\src\\pages\\Mall\\comp\\Content\\Content.tsx","id":"src_fe_h5_deskmate_mall_src_pages_Mall_comp_Content_Content_tsx","raw":"              天数复原卡只能对\r","chn":"天数复原卡只能对","lineNum":217,"startAt":14,"length":8},{"path":"src\\fe_h5_deskmate_mall\\src\\pages\\Mall\\comp\\Content\\Content.tsx","id":"src_fe_h5_deskmate_mall_src_pages_Mall_comp_Content_Content_tsx","raw":"              <b>解除过关系</b>的同桌生效哦\r","chn":"解除过关系","lineNum":219,"startAt":17,"length":5},{"path":"src\\fe_h5_deskmate_mall\\src\\pages\\Mall\\comp\\Content\\Content.tsx","id":"src_fe_h5_deskmate_mall_src_pages_Mall_comp_Content_Content_tsx","raw":"              <b>解除过关系</b>的同桌生效哦\r","chn":"的同桌生效哦","lineNum":219,"startAt":26,"length":6},{"path":"src\\fe_h5_deskmate_mall\\src\\pages\\Mall\\comp\\Content\\Content.tsx","id":"src_fe_h5_deskmate_mall_src_pages_Mall_comp_Content_Content_tsx","raw":"          textR: '确认',\r","chn":"确认","lineNum":222,"startAt":18,"length":2},{"path":"src\\fe_h5_deskmate_mall\\src\\pages\\Mall\\comp\\Content\\Content.tsx","id":"src_fe_h5_deskmate_mall_src_pages_Mall_comp_Content_Content_tsx","raw":"          textL: '再想想',\r","chn":"再想想","lineNum":223,"startAt":18,"length":3},{"path":"src\\fe_h5_deskmate_mall\\src\\pages\\Mall\\comp\\Content\\Content.tsx","id":"src_fe_h5_deskmate_mall_src_pages_Mall_comp_Content_Content_tsx","raw":"          title: `确认支付${o.credit}铜板吗？`,\r","chn":"确认支付","lineNum":230,"startAt":18,"length":4},{"path":"src\\fe_h5_deskmate_mall\\src\\pages\\Mall\\comp\\Content\\Content.tsx","id":"src_fe_h5_deskmate_mall_src_pages_Mall_comp_Content_Content_tsx","raw":"          title: `确认支付${o.credit}铜板吗？`,\r","chn":"铜板吗？","lineNum":230,"startAt":33,"length":4},{"path":"src\\fe_h5_deskmate_mall\\src\\pages\\Mall\\comp\\Content\\Content.tsx","id":"src_fe_h5_deskmate_mall_src_pages_Mall_comp_Content_Content_tsx","raw":"          textL: '再想想',\r","chn":"再想想","lineNum":233,"startAt":18,"length":3},{"path":"src\\fe_h5_deskmate_mall\\src\\pages\\Mall\\comp\\Content\\Content.tsx","id":"src_fe_h5_deskmate_mall_src_pages_Mall_comp_Content_Content_tsx","raw":"          textR: '确认',\r","chn":"确认","lineNum":234,"startAt":18,"length":2},{"path":"src\\fe_h5_deskmate_mall\\src\\pages\\Mall\\comp\\DressCard\\DressCard.tsx","id":"src_fe_h5_deskmate_mall_src_pages_Mall_comp_DressCard_DressCard_tsx","raw":"          <div className={styles.credit}>{goodCredit}兑换</div>\r","chn":"兑换","lineNum":30,"startAt":53,"length":2},{"path":"src\\fe_h5_deskmate_mall\\src\\pages\\Mall\\comp\\Tab\\Tab.tsx","id":"src_fe_h5_deskmate_mall_src_pages_Mall_comp_Tab_Tab_tsx","raw":"          text=\"图鉴\"\r","chn":"图鉴","lineNum":15,"startAt":16,"length":2},{"path":"src\\fe_h5_deskmate_mall\\src\\pages\\Mall\\comp\\Tab\\Tab.tsx","id":"src_fe_h5_deskmate_mall_src_pages_Mall_comp_Tab_Tab_tsx","raw":"          text=\"背包\"\r","chn":"背包","lineNum":25,"startAt":16,"length":2},{"path":"src\\fe_h5_deskmate_mall\\src\\pages\\RecommendGroup\\GroupSelector\\GroupSelector.tsx","id":"src_fe_h5_deskmate_mall_src_pages_RecommendGroup_GroupSelector_GroupSelector_tsx","raw":"              subtitle={`${o.todayDakaCount}/${o.memberCount}已打卡`}\r","chn":"已打卡","lineNum":54,"startAt":61,"length":3},{"path":"src\\fe_h5_deskmate_mall\\src\\pages\\RecommendGroup\\GroupSelector\\GroupSelector.tsx","id":"src_fe_h5_deskmate_mall_src_pages_RecommendGroup_GroupSelector_GroupSelector_tsx","raw":"                      title: '使用成功！',\r","chn":"使用成功！","lineNum":73,"startAt":30,"length":5},{"path":"src\\fe_h5_deskmate_mall\\src\\pages\\RecommendGroup\\GroupSelector\\GroupSelector.tsx","id":"src_fe_h5_deskmate_mall_src_pages_RecommendGroup_GroupSelector_GroupSelector_tsx","raw":"                      textR: '返回',\r","chn":"返回","lineNum":78,"startAt":30,"length":2},{"path":"src\\fe_h5_deskmate_mall\\src\\pages\\RecommendGroup\\GroupSelector\\GroupSelector.tsx","id":"src_fe_h5_deskmate_mall_src_pages_RecommendGroup_GroupSelector_GroupSelector_tsx","raw":"                      title: '选择失败',\r","chn":"选择失败","lineNum":82,"startAt":30,"length":4},{"path":"src\\fe_h5_deskmate_mall\\src\\pages\\RecommendGroup\\GroupSelector\\GroupSelector.tsx","id":"src_fe_h5_deskmate_mall_src_pages_RecommendGroup_GroupSelector_GroupSelector_tsx","raw":"                      content: '你还没有选择任何小班',\r","chn":"你还没有选择任何小班","lineNum":83,"startAt":32,"length":10},{"path":"src\\fe_h5_deskmate_mall\\src\\pages\\RecommendGroup\\GroupSelector\\GroupSelector.tsx","id":"src_fe_h5_deskmate_mall_src_pages_RecommendGroup_GroupSelector_GroupSelector_tsx","raw":"                      textR: '知道了',\r","chn":"知道了","lineNum":84,"startAt":30,"length":3},{"path":"src\\fe_h5_deskmate_mall\\src\\pages\\RecommendGroup\\GroupSelector\\GroupSelector.tsx","id":"src_fe_h5_deskmate_mall_src_pages_RecommendGroup_GroupSelector_GroupSelector_tsx","raw":"                下一步\r","chn":"下一步","lineNum":90,"startAt":16,"length":3},{"path":"src\\fe_h5_deskmate_mall\\src\\pages\\RecommendGroup\\RecommendGroup.tsx","id":"src_fe_h5_deskmate_mall_src_pages_RecommendGroup_RecommendGroup_tsx","raw":"        title=\"请选择你要推广的小班：\"\r","chn":"请选择你要推广的小班","lineNum":32,"startAt":15,"length":10},{"path":"src\\fe_h5_deskmate_mall\\src\\pages\\Treasure\\comp\\DressCard\\DressCard.tsx","id":"src_fe_h5_deskmate_mall_src_pages_Treasure_comp_DressCard_DressCard_tsx","raw":"        <div className={styles.plainText}>非卖品</div>\r","chn":"非卖品","lineNum":35,"startAt":42,"length":3},{"path":"src\\fe_h5_deskmate_mall\\src\\pages\\Treasure\\comp\\DressCard\\DressCard.tsx","id":"src_fe_h5_deskmate_mall_src_pages_Treasure_comp_DressCard_DressCard_tsx","raw":"        <div className={styles.plainText}>绝版</div>\r","chn":"绝版","lineNum":37,"startAt":42,"length":2},{"path":"src\\fe_h5_deskmate_mall\\src\\pages\\Treasure\\comp\\DressCard\\DressCard.tsx","id":"src_fe_h5_deskmate_mall_src_pages_Treasure_comp_DressCard_DressCard_tsx","raw":"          <div className={styles.credit}>{goodCredit}兑换</div>\r","chn":"兑换","lineNum":41,"startAt":53,"length":2},{"path":"src\\fe_h5_deskmate_mall\\src\\pages\\Treasure\\Treasure.tsx","id":"src_fe_h5_deskmate_mall_src_pages_Treasure_Treasure_tsx","raw":"            ? '你还没有同桌，无法查看装扮，仍要购买吗？'\r","chn":"你还没有同桌，无法查看装扮，仍要购买吗？","lineNum":34,"startAt":15,"length":20},{"path":"src\\fe_h5_deskmate_mall\\src\\pages\\Treasure\\Treasure.tsx","id":"src_fe_h5_deskmate_mall_src_pages_Treasure_Treasure_tsx","raw":"            : `确认支付${o.credit}铜板吗？`,\r","chn":"确认支付","lineNum":35,"startAt":15,"length":4},{"path":"src\\fe_h5_deskmate_mall\\src\\pages\\Treasure\\Treasure.tsx","id":"src_fe_h5_deskmate_mall_src_pages_Treasure_Treasure_tsx","raw":"            : `确认支付${o.credit}铜板吗？`,\r","chn":"铜板吗？","lineNum":35,"startAt":30,"length":4},{"path":"src\\fe_h5_deskmate_mall\\src\\pages\\Treasure\\Treasure.tsx","id":"src_fe_h5_deskmate_mall_src_pages_Treasure_Treasure_tsx","raw":"              title: '兑换成功',\r","chn":"兑换成功","lineNum":53,"startAt":22,"length":4},{"path":"src\\fe_h5_deskmate_mall\\src\\pages\\Treasure\\Treasure.tsx","id":"src_fe_h5_deskmate_mall_src_pages_Treasure_Treasure_tsx","raw":"              content: '之后如需装扮\\n可在[背包]中查看',\r","chn":"之后如需装扮","lineNum":54,"startAt":24,"length":6},{"path":"src\\fe_h5_deskmate_mall\\src\\pages\\Treasure\\Treasure.tsx","id":"src_fe_h5_deskmate_mall_src_pages_Treasure_Treasure_tsx","raw":"              content: '之后如需装扮\\n可在[背包]中查看',\r","chn":"可在","lineNum":54,"startAt":32,"length":2},{"path":"src\\fe_h5_deskmate_mall\\src\\pages\\Treasure\\Treasure.tsx","id":"src_fe_h5_deskmate_mall_src_pages_Treasure_Treasure_tsx","raw":"              content: '之后如需装扮\\n可在[背包]中查看',\r","chn":"背包","lineNum":54,"startAt":35,"length":2},{"path":"src\\fe_h5_deskmate_mall\\src\\pages\\Treasure\\Treasure.tsx","id":"src_fe_h5_deskmate_mall_src_pages_Treasure_Treasure_tsx","raw":"              content: '之后如需装扮\\n可在[背包]中查看',\r","chn":"中查看","lineNum":54,"startAt":38,"length":3},{"path":"src\\fe_h5_deskmate_mall\\src\\pages\\Treasure\\Treasure.tsx","id":"src_fe_h5_deskmate_mall_src_pages_Treasure_Treasure_tsx","raw":"              textL: '返回',\r","chn":"返回","lineNum":58,"startAt":22,"length":2},{"path":"src\\fe_h5_deskmate_mall\\src\\pages\\Treasure\\Treasure.tsx","id":"src_fe_h5_deskmate_mall_src_pages_Treasure_Treasure_tsx","raw":"              textR: '立即装扮',\r","chn":"立即装扮","lineNum":59,"startAt":22,"length":4},{"path":"src\\fe_h5_deskmate_mall\\src\\pages\\Treasure\\Treasure.tsx","id":"src_fe_h5_deskmate_mall_src_pages_Treasure_Treasure_tsx","raw":"        textL: '再想想',\r","chn":"再想想","lineNum":93,"startAt":16,"length":3},{"path":"src\\fe_h5_deskmate_mall\\src\\pages\\Treasure\\Treasure.tsx","id":"src_fe_h5_deskmate_mall_src_pages_Treasure_Treasure_tsx","raw":"        textR: '确认',\r","chn":"确认","lineNum":94,"startAt":16,"length":2},{"path":"src\\fe_h5_deskmate_mall\\src\\pages\\TreasureMap\\comp\\TreasureCard\\TreasureCard.tsx","id":"src_fe_h5_deskmate_mall_src_pages_TreasureMap_comp_TreasureCard_TreasureCard_tsx","raw":"          <span className={styles.colText}>已收集</span>\r","chn":"已收集","lineNum":46,"startAt":43,"length":3},{"path":"src\\fe_h5_deskmate_mall\\src\\RouteConfig.tsx","id":"src_fe_h5_deskmate_mall_src_RouteConfig_tsx","raw":"  useDocumentTitle('百词斩 H5 项目 [TS]')\r","chn":"百词斩","lineNum":14,"startAt":20,"length":3},{"path":"src\\fe_h5_deskmate_mall\\src\\RouteConfig.tsx","id":"src_fe_h5_deskmate_mall_src_RouteConfig_tsx","raw":"  useDocumentTitle('百词斩 H5 项目 [TS]')\r","chn":"项目","lineNum":14,"startAt":27,"length":2},{"path":"src\\fe_h5_deskmate_mall\\src\\services\\useBuyGoods.ts","id":"src_fe_h5_deskmate_mall_src_services_useBuyGoods_ts","raw":"          throw new Error('啊哦，网络不太好…可以稍后去「背包」确认购买结果~')\r","chn":"啊哦，网络不太好","lineNum":10,"startAt":27,"length":8},{"path":"src\\fe_h5_deskmate_mall\\src\\services\\useBuyGoods.ts","id":"src_fe_h5_deskmate_mall_src_services_useBuyGoods_ts","raw":"          throw new Error('啊哦，网络不太好…可以稍后去「背包」确认购买结果~')\r","chn":"可以稍后去「背包」确认购买结果","lineNum":10,"startAt":36,"length":15}]