[{"path":"src\\fe_h5_wanted_board\\src\\components\\drawer\\Drawer.tsx","id":"src_fe_h5_wanted_board_src_components_drawer_Drawer_tsx","raw":"  block: { icon: BLOCK, text: '拉黑' },\r","chn":"拉黑","lineNum":8,"startAt":31,"length":2},{"path":"src\\fe_h5_wanted_board\\src\\components\\drawer\\Drawer.tsx","id":"src_fe_h5_wanted_board_src_components_drawer_Drawer_tsx","raw":"  unblock: { icon: UNBLOCK, text: '取消拉黑' },\r","chn":"取消拉黑","lineNum":9,"startAt":35,"length":4},{"path":"src\\fe_h5_wanted_board\\src\\components\\drawer\\Drawer.tsx","id":"src_fe_h5_wanted_board_src_components_drawer_Drawer_tsx","raw":"  report: { icon: REPORT, text: '举报' },\r","chn":"举报","lineNum":10,"startAt":33,"length":2},{"path":"src\\fe_h5_wanted_board\\src\\components\\drawer\\Drawer.tsx","id":"src_fe_h5_wanted_board_src_components_drawer_Drawer_tsx","raw":"            取消\r","chn":"取消","lineNum":100,"startAt":12,"length":2},{"path":"src\\fe_h5_wanted_board\\src\\components\\group-rank\\GroupRankAward.ts","id":"src_fe_h5_wanted_board_src_components_group-rank_GroupRankAward_ts","raw":"      name: '白银',\r","chn":"白银","lineNum":25,"startAt":13,"length":2},{"path":"src\\fe_h5_wanted_board\\src\\components\\group-rank\\GroupRankAward.ts","id":"src_fe_h5_wanted_board_src_components_group-rank_GroupRankAward_ts","raw":"      name: '黄金',\r","chn":"黄金","lineNum":36,"startAt":13,"length":2},{"path":"src\\fe_h5_wanted_board\\src\\components\\group-rank\\GroupRankAward.ts","id":"src_fe_h5_wanted_board_src_components_group-rank_GroupRankAward_ts","raw":"      name: '铂金',\r","chn":"铂金","lineNum":47,"startAt":13,"length":2},{"path":"src\\fe_h5_wanted_board\\src\\components\\group-rank\\GroupRankAward.ts","id":"src_fe_h5_wanted_board_src_components_group-rank_GroupRankAward_ts","raw":"      name: '钻石',\r","chn":"钻石","lineNum":58,"startAt":13,"length":2},{"path":"src\\fe_h5_wanted_board\\src\\components\\group-rank\\GroupRankAward.ts","id":"src_fe_h5_wanted_board_src_components_group-rank_GroupRankAward_ts","raw":"      name: '星耀',\r","chn":"星耀","lineNum":69,"startAt":13,"length":2},{"path":"src\\fe_h5_wanted_board\\src\\components\\group-rank\\GroupRankAward.ts","id":"src_fe_h5_wanted_board_src_components_group-rank_GroupRankAward_ts","raw":"      name: '王者',\r","chn":"王者","lineNum":80,"startAt":13,"length":2},{"path":"src\\fe_h5_wanted_board\\src\\components\\group-rank\\GroupRankAward.ts","id":"src_fe_h5_wanted_board_src_components_group-rank_GroupRankAward_ts","raw":"    name: '青铜',\r","chn":"青铜","lineNum":90,"startAt":11,"length":2},{"path":"src\\fe_h5_wanted_board\\src\\components\\group-rank\\GroupRankAward.ts","id":"src_fe_h5_wanted_board_src_components_group-rank_GroupRankAward_ts","raw":"    { icon: PERSON, text: `人数x${awards.groupNum}` },\r","chn":"人数","lineNum":97,"startAt":27,"length":2},{"path":"src\\fe_h5_wanted_board\\src\\components\\group-rank\\GroupRankAward.ts","id":"src_fe_h5_wanted_board_src_components_group-rank_GroupRankAward_ts","raw":"      text: awards.groupCoin === 0 ? '铜板奖励' : `铜板x${awards.groupCoin}`,\r","chn":"铜板奖励","lineNum":100,"startAt":38,"length":4},{"path":"src\\fe_h5_wanted_board\\src\\components\\group-rank\\GroupRankAward.ts","id":"src_fe_h5_wanted_board_src_components_group-rank_GroupRankAward_ts","raw":"      text: awards.groupCoin === 0 ? '铜板奖励' : `铜板x${awards.groupCoin}`,\r","chn":"铜板","lineNum":100,"startAt":47,"length":2},{"path":"src\\fe_h5_wanted_board\\src\\components\\group-rank\\GroupRankAward.ts","id":"src_fe_h5_wanted_board_src_components_group-rank_GroupRankAward_ts","raw":"      text: awards.leaderCoin === 0 ? '铜板奖励' : `铜板x${awards.leaderCoin}`,\r","chn":"铜板奖励","lineNum":104,"startAt":39,"length":4},{"path":"src\\fe_h5_wanted_board\\src\\components\\group-rank\\GroupRankAward.ts","id":"src_fe_h5_wanted_board_src_components_group-rank_GroupRankAward_ts","raw":"      text: awards.leaderCoin === 0 ? '铜板奖励' : `铜板x${awards.leaderCoin}`,\r","chn":"铜板","lineNum":104,"startAt":48,"length":2},{"path":"src\\fe_h5_wanted_board\\src\\components\\group-rank\\GroupRankAward.ts","id":"src_fe_h5_wanted_board_src_components_group-rank_GroupRankAward_ts","raw":"      text: `奖杯`,\r","chn":"奖杯","lineNum":115,"startAt":13,"length":2},{"path":"src\\fe_h5_wanted_board\\src\\components\\group-rank\\GroupRankAward.ts","id":"src_fe_h5_wanted_board_src_components_group-rank_GroupRankAward_ts","raw":"    { icon: awards.wallpaperType === 0 ? WIP0 : WIP1, text: `招新海报` },\r","chn":"招新海报","lineNum":117,"startAt":61,"length":4},{"path":"src\\fe_h5_wanted_board\\src\\components\\group-rank\\GroupRankAward.ts","id":"src_fe_h5_wanted_board_src_components_group-rank_GroupRankAward_ts","raw":"    { icon: awards.headType === 0 ? WIP0 : WIP1, text: `头像框` },\r","chn":"头像框","lineNum":118,"startAt":56,"length":3},{"path":"src\\fe_h5_wanted_board\\src\\components\\group-rank\\GroupRankAward.ts","id":"src_fe_h5_wanted_board_src_components_group-rank_GroupRankAward_ts","raw":"    ...(awards.groupCoin ? [{ icon: GROUPCOIN1, text: `铜板x${awards.groupCoin}` }] : []),\r","chn":"铜板","lineNum":130,"startAt":55,"length":2},{"path":"src\\fe_h5_wanted_board\\src\\components\\group-rank\\GroupRankAward.ts","id":"src_fe_h5_wanted_board_src_components_group-rank_GroupRankAward_ts","raw":"      ? [{ icon: LEADERCOIN1, text: `铜板x${awards.leaderCoin}`, leader: true }]\r","chn":"铜板","lineNum":132,"startAt":37,"length":2},{"path":"src\\fe_h5_wanted_board\\src\\components\\group-rank\\GroupRankAward.ts","id":"src_fe_h5_wanted_board_src_components_group-rank_GroupRankAward_ts","raw":"            text: `奖杯x1`,\r","chn":"奖杯","lineNum":138,"startAt":19,"length":2},{"path":"src\\fe_h5_wanted_board\\src\\components\\group-rank\\GroupRankAward.ts","id":"src_fe_h5_wanted_board_src_components_group-rank_GroupRankAward_ts","raw":"    ...(awards.wallpaperType ? [{ icon: WIP1, text: `招新海报`, leader: true }] : []),\r","chn":"招新海报","lineNum":142,"startAt":53,"length":4},{"path":"src\\fe_h5_wanted_board\\src\\components\\group-rank\\GroupRankAward.ts","id":"src_fe_h5_wanted_board_src_components_group-rank_GroupRankAward_ts","raw":"    ...(awards.headType ? [{ icon: WIP1, text: `头像框` }] : []),\r","chn":"头像框","lineNum":143,"startAt":48,"length":3},{"path":"src\\fe_h5_wanted_board\\src\\components\\group-rank\\GroupRankAward.ts","id":"src_fe_h5_wanted_board_src_components_group-rank_GroupRankAward_ts","raw":"            text: `奖杯x1`,\r","chn":"奖杯","lineNum":155,"startAt":19,"length":2},{"path":"src\\fe_h5_wanted_board\\src\\components\\group-rank\\GroupRankAward.ts","id":"src_fe_h5_wanted_board_src_components_group-rank_GroupRankAward_ts","raw":"    ...(awards.groupCoin ? [{ icon: GROUPCOIN1, text: `铜板x${awards.groupCoin}` }] : []),\r","chn":"铜板","lineNum":159,"startAt":55,"length":2},{"path":"src\\fe_h5_wanted_board\\src\\components\\group-rank\\GroupRankAward.ts","id":"src_fe_h5_wanted_board_src_components_group-rank_GroupRankAward_ts","raw":"    ...(awards.headType ? [{ icon: WIP1, text: `头像框` }] : []),\r","chn":"头像框","lineNum":160,"startAt":48,"length":3},{"path":"src\\fe_h5_wanted_board\\src\\components\\group-rank\\GroupRankAward.ts","id":"src_fe_h5_wanted_board_src_components_group-rank_GroupRankAward_ts","raw":"    { icon: PERSON, text: `人数x${awards.groupNum}` },\r","chn":"人数","lineNum":166,"startAt":27,"length":2},{"path":"src\\fe_h5_wanted_board\\src\\components\\group-rank\\GroupRankAward.ts","id":"src_fe_h5_wanted_board_src_components_group-rank_GroupRankAward_ts","raw":"      ? [{ icon: LEADERCOIN1, text: `铜板x${awards.leaderCoin}`, leader: true }]\r","chn":"铜板","lineNum":168,"startAt":37,"length":2},{"path":"src\\fe_h5_wanted_board\\src\\components\\group-rank\\GroupRankAward.ts","id":"src_fe_h5_wanted_board_src_components_group-rank_GroupRankAward_ts","raw":"    ...(awards.wallpaperType ? [{ icon: WIP1, text: `招新海报`, leader: true }] : []),\r","chn":"招新海报","lineNum":170,"startAt":53,"length":4},{"path":"src\\fe_h5_wanted_board\\src\\components\\Mashroom\\Loading.tsx","id":"src_fe_h5_wanted_board_src_components_Mashroom_Loading_tsx","raw":"    if (type === 'angry') return '网真慢！…'\r","chn":"网真慢！","lineNum":39,"startAt":34,"length":4},{"path":"src\\fe_h5_wanted_board\\src\\components\\Mashroom\\Loading.tsx","id":"src_fe_h5_wanted_board_src_components_Mashroom_Loading_tsx","raw":"    if (type === 'cool') return '帅气加载中...'\r","chn":"帅气加载中","lineNum":40,"startAt":33,"length":5},{"path":"src\\fe_h5_wanted_board\\src\\components\\Mashroom\\Loading.tsx","id":"src_fe_h5_wanted_board_src_components_Mashroom_Loading_tsx","raw":"    if (type === 'terrified') return '诶，还在这？...'\r","chn":"诶，还在这？","lineNum":41,"startAt":38,"length":6},{"path":"src\\fe_h5_wanted_board\\src\\components\\Mashroom\\Loading.tsx","id":"src_fe_h5_wanted_board_src_components_Mashroom_Loading_tsx","raw":"    return '微笑等待...'\r","chn":"微笑等待","lineNum":42,"startAt":12,"length":4},{"path":"src\\fe_h5_wanted_board\\src\\components\\p-modal\\PPrompt.tsx","id":"src_fe_h5_wanted_board_src_components_p-modal_PPrompt_tsx","raw":"      title=\"修改备注\"\r","chn":"修改备注","lineNum":16,"startAt":13,"length":4},{"path":"src\\fe_h5_wanted_board\\src\\components\\p-modal\\PPrompt.tsx","id":"src_fe_h5_wanted_board_src_components_p-modal_PPrompt_tsx","raw":"            text: <ShadowBtn className=\"pmodal-short\">取消</ShadowBtn>,\r","chn":"取消","lineNum":23,"startAt":54,"length":2},{"path":"src\\fe_h5_wanted_board\\src\\components\\p-modal\\PPrompt.tsx","id":"src_fe_h5_wanted_board_src_components_p-modal_PPrompt_tsx","raw":"                确定\r","chn":"确定","lineNum":30,"startAt":16,"length":2},{"path":"src\\fe_h5_wanted_board\\src\\components\\p-modal\\PPrompt.tsx","id":"src_fe_h5_wanted_board_src_components_p-modal_PPrompt_tsx","raw":"                Toast.show('备注不支持表情符号哦~')\r","chn":"备注不支持表情符号哦","lineNum":37,"startAt":28,"length":10},{"path":"src\\fe_h5_wanted_board\\src\\components\\p-modal\\PPrompt.tsx","id":"src_fe_h5_wanted_board_src_components_p-modal_PPrompt_tsx","raw":"          placeholder=\"请输入内容\"\r","chn":"请输入内容","lineNum":47,"startAt":23,"length":5},{"path":"src\\fe_h5_wanted_board\\src\\helpers\\showApiError.ts","id":"src_fe_h5_wanted_board_src_helpers_showApiError_ts","raw":"      .replace(/,/g, '，')\r","chn":"，","lineNum":12,"startAt":22,"length":1},{"path":"src\\fe_h5_wanted_board\\src\\helpers\\showApiError.ts","id":"src_fe_h5_wanted_board_src_helpers_showApiError_ts","raw":"    content: message || '接口调用失败，请稍后再试',\r","chn":"接口调用失败，请稍后再试","lineNum":18,"startAt":25,"length":12},{"path":"src\\fe_h5_wanted_board\\src\\hooks\\useDelPost.ts","id":"src_fe_h5_wanted_board_src_hooks_useDelPost_ts","raw":"          title: '删除失败',\r","chn":"删除失败","lineNum":31,"startAt":18,"length":4},{"path":"src\\fe_h5_wanted_board\\src\\hooks\\useDelPost.ts","id":"src_fe_h5_wanted_board_src_hooks_useDelPost_ts","raw":"          textR: '好的',\r","chn":"好的","lineNum":33,"startAt":18,"length":2},{"path":"src\\fe_h5_wanted_board\\src\\hooks\\usePublishPost.ts","id":"src_fe_h5_wanted_board_src_hooks_usePublishPost_ts","raw":"          title: '发布失败',\r","chn":"发布失败","lineNum":33,"startAt":18,"length":4},{"path":"src\\fe_h5_wanted_board\\src\\hooks\\usePublishPost.ts","id":"src_fe_h5_wanted_board_src_hooks_usePublishPost_ts","raw":"          textR: '好的',\r","chn":"好的","lineNum":35,"startAt":18,"length":2},{"path":"src\\fe_h5_wanted_board\\src\\pages\\board\\Board.tsx","id":"src_fe_h5_wanted_board_src_pages_board_Board_tsx","raw":"                <span>下拉刷新</span>\r","chn":"下拉刷新","lineNum":147,"startAt":22,"length":4},{"path":"src\\fe_h5_wanted_board\\src\\pages\\board\\Board.tsx","id":"src_fe_h5_wanted_board_src_pages_board_Board_tsx","raw":"              <span>下拉刷新</span>\r","chn":"下拉刷新","lineNum":153,"startAt":20,"length":4},{"path":"src\\fe_h5_wanted_board\\src\\pages\\board\\Board.tsx","id":"src_fe_h5_wanted_board_src_pages_board_Board_tsx","raw":"            发布招募海报\r","chn":"发布招募海报","lineNum":185,"startAt":12,"length":6},{"path":"src\\fe_h5_wanted_board\\src\\pages\\board\\Card.tsx","id":"src_fe_h5_wanted_board_src_pages_board_Card_tsx","raw":"          endExcludes={['、', '。']}\r","chn":"、","lineNum":54,"startAt":25,"length":1},{"path":"src\\fe_h5_wanted_board\\src\\pages\\board\\Card.tsx","id":"src_fe_h5_wanted_board_src_pages_board_Card_tsx","raw":"          endExcludes={['、', '。']}\r","chn":"。","lineNum":54,"startAt":30,"length":1},{"path":"src\\fe_h5_wanted_board\\src\\pages\\create\\Create.tsx","id":"src_fe_h5_wanted_board_src_pages_create_Create_tsx","raw":"        return Toast.show('请填写完整信息')\r","chn":"请填写完整信息","lineNum":95,"startAt":27,"length":7},{"path":"src\\fe_h5_wanted_board\\src\\pages\\create\\Create.tsx","id":"src_fe_h5_wanted_board_src_pages_create_Create_tsx","raw":"      if (state.content.length > 150) return Toast.show('文字内容最多150字哦~')\r","chn":"文字内容最多","lineNum":96,"startAt":57,"length":6},{"path":"src\\fe_h5_wanted_board\\src\\pages\\create\\Create.tsx","id":"src_fe_h5_wanted_board_src_pages_create_Create_tsx","raw":"      if (state.content.length > 150) return Toast.show('文字内容最多150字哦~')\r","chn":"字哦","lineNum":96,"startAt":66,"length":2},{"path":"src\\fe_h5_wanted_board\\src\\pages\\create\\Create.tsx","id":"src_fe_h5_wanted_board_src_pages_create_Create_tsx","raw":"          ? `确认支付${chosenStyle?.credit}铜板吗？`\r","chn":"确认支付","lineNum":109,"startAt":13,"length":4},{"path":"src\\fe_h5_wanted_board\\src\\pages\\create\\Create.tsx","id":"src_fe_h5_wanted_board_src_pages_create_Create_tsx","raw":"          ? `确认支付${chosenStyle?.credit}铜板吗？`\r","chn":"铜板吗？","lineNum":109,"startAt":39,"length":4},{"path":"src\\fe_h5_wanted_board\\src\\pages\\create\\Create.tsx","id":"src_fe_h5_wanted_board_src_pages_create_Create_tsx","raw":"          : '确认使用1张免费海报么？',\r","chn":"确认使用","lineNum":110,"startAt":13,"length":4},{"path":"src\\fe_h5_wanted_board\\src\\pages\\create\\Create.tsx","id":"src_fe_h5_wanted_board_src_pages_create_Create_tsx","raw":"          : '确认使用1张免费海报么？',\r","chn":"张免费海报么？","lineNum":110,"startAt":18,"length":7},{"path":"src\\fe_h5_wanted_board\\src\\pages\\create\\Create.tsx","id":"src_fe_h5_wanted_board_src_pages_create_Create_tsx","raw":"          ? '审核不通过，铜板将全额返还。'\r","chn":"审核不通过，铜板将全额返还。","lineNum":112,"startAt":13,"length":14},{"path":"src\\fe_h5_wanted_board\\src\\pages\\create\\Create.tsx","id":"src_fe_h5_wanted_board_src_pages_create_Create_tsx","raw":"          : '审核不通过，海报将原路返还',\r","chn":"审核不通过，海报将原路返还","lineNum":113,"startAt":13,"length":13},{"path":"src\\fe_h5_wanted_board\\src\\pages\\create\\Create.tsx","id":"src_fe_h5_wanted_board_src_pages_create_Create_tsx","raw":"        textR: '确认',\r","chn":"确认","lineNum":114,"startAt":16,"length":2},{"path":"src\\fe_h5_wanted_board\\src\\pages\\create\\Create.tsx","id":"src_fe_h5_wanted_board_src_pages_create_Create_tsx","raw":"        textL: '再想想',\r","chn":"再想想","lineNum":115,"startAt":16,"length":3},{"path":"src\\fe_h5_wanted_board\\src\\pages\\create\\Create.tsx","id":"src_fe_h5_wanted_board_src_pages_create_Create_tsx","raw":"                    下一步\r","chn":"下一步","lineNum":167,"startAt":20,"length":3},{"path":"src\\fe_h5_wanted_board\\src\\pages\\create\\Create.tsx","id":"src_fe_h5_wanted_board_src_pages_create_Create_tsx","raw":"                    发布\r","chn":"发布","lineNum":177,"startAt":20,"length":2},{"path":"src\\fe_h5_wanted_board\\src\\pages\\create\\Step1.tsx","id":"src_fe_h5_wanted_board_src_pages_create_Step1_tsx","raw":"      <div className={x('title')}>请选择你要推广的小班：</div>\r","chn":"请选择你要推广的小班","lineNum":18,"startAt":34,"length":10},{"path":"src\\fe_h5_wanted_board\\src\\pages\\create\\Step1.tsx","id":"src_fe_h5_wanted_board_src_pages_create_Step1_tsx","raw":"          <NoContent text=\"你还没有小班可以推广\" />\r","chn":"你还没有小班可以推广","lineNum":25,"startAt":27,"length":10},{"path":"src\\fe_h5_wanted_board\\src\\pages\\create\\Step1.tsx","id":"src_fe_h5_wanted_board_src_pages_create_Step1_tsx","raw":"            {props.todayDakaCount}/{props.memberCount}已打卡\r","chn":"已打卡","lineNum":44,"startAt":54,"length":3},{"path":"src\\fe_h5_wanted_board\\src\\pages\\create\\Step2.tsx","id":"src_fe_h5_wanted_board_src_pages_create_Step2_tsx","raw":"      <div className={x('title')}>请选择你想要的海报样式：</div>\r","chn":"请选择你想要的海报样式","lineNum":21,"startAt":34,"length":11},{"path":"src\\fe_h5_wanted_board\\src\\pages\\create\\Step2.tsx","id":"src_fe_h5_wanted_board_src_pages_create_Step2_tsx","raw":"      {!price && <div className={x('card2-free')}>小班特权</div>}\r","chn":"小班特权","lineNum":56,"startAt":50,"length":4},{"path":"src\\fe_h5_wanted_board\\src\\pages\\create\\Step2.tsx","id":"src_fe_h5_wanted_board_src_pages_create_Step2_tsx","raw":"        <div className={x('card2-restNum', '-card2-restNum_free')}>剩余{restCount}份</div>\r","chn":"剩余","lineNum":58,"startAt":67,"length":2},{"path":"src\\fe_h5_wanted_board\\src\\pages\\create\\Step2.tsx","id":"src_fe_h5_wanted_board_src_pages_create_Step2_tsx","raw":"        <div className={x('card2-restNum', '-card2-restNum_free')}>剩余{restCount}份</div>\r","chn":"份","lineNum":58,"startAt":80,"length":1},{"path":"src\\fe_h5_wanted_board\\src\\pages\\create\\Step2.tsx","id":"src_fe_h5_wanted_board_src_pages_create_Step2_tsx","raw":"        {price ? `${price}铜板` : '免费'}\r","chn":"铜板","lineNum":63,"startAt":26,"length":2},{"path":"src\\fe_h5_wanted_board\\src\\pages\\create\\Step2.tsx","id":"src_fe_h5_wanted_board_src_pages_create_Step2_tsx","raw":"        {price ? `${price}铜板` : '免费'}\r","chn":"免费","lineNum":63,"startAt":33,"length":2},{"path":"src\\fe_h5_wanted_board\\src\\pages\\create\\Step3.tsx","id":"src_fe_h5_wanted_board_src_pages_create_Step3_tsx","raw":"      <div className={x('title')}>向大家推荐你的小班吧：</div>\r","chn":"向大家推荐你的小班吧","lineNum":10,"startAt":34,"length":10},{"path":"src\\fe_h5_wanted_board\\src\\pages\\create\\Step3.tsx","id":"src_fe_h5_wanted_board_src_pages_create_Step3_tsx","raw":"        placeholder=\"请输入文字内容，最多150字哦~\"\r","chn":"请输入文字内容，最多","lineNum":16,"startAt":21,"length":10},{"path":"src\\fe_h5_wanted_board\\src\\pages\\create\\Step3.tsx","id":"src_fe_h5_wanted_board_src_pages_create_Step3_tsx","raw":"        placeholder=\"请输入文字内容，最多150字哦~\"\r","chn":"字哦","lineNum":16,"startAt":34,"length":2},{"path":"src\\fe_h5_wanted_board\\src\\pages\\create\\Step3.tsx","id":"src_fe_h5_wanted_board_src_pages_create_Step3_tsx","raw":"      <div className={x('hint', '-paddingH')}>*审核时间：24小时以内，最晚当日23:59发布结果</div>\r","chn":"审核时间","lineNum":25,"startAt":47,"length":4},{"path":"src\\fe_h5_wanted_board\\src\\pages\\create\\Step3.tsx","id":"src_fe_h5_wanted_board_src_pages_create_Step3_tsx","raw":"      <div className={x('hint', '-paddingH')}>*审核时间：24小时以内，最晚当日23:59发布结果</div>\r","chn":"小时以内，最晚当日","lineNum":25,"startAt":54,"length":9},{"path":"src\\fe_h5_wanted_board\\src\\pages\\create\\Step3.tsx","id":"src_fe_h5_wanted_board_src_pages_create_Step3_tsx","raw":"      <div className={x('hint', '-paddingH')}>*审核时间：24小时以内，最晚当日23:59发布结果</div>\r","chn":"发布结果","lineNum":25,"startAt":68,"length":4},{"path":"src\\fe_h5_wanted_board\\src\\pages\\detail\\Detail.tsx","id":"src_fe_h5_wanted_board_src_pages_detail_Detail_tsx","raw":"        title: '确认删除？',\r","chn":"确认删除？","lineNum":80,"startAt":16,"length":5},{"path":"src\\fe_h5_wanted_board\\src\\pages\\detail\\Detail.tsx","id":"src_fe_h5_wanted_board_src_pages_detail_Detail_tsx","raw":"        content: '主动删除海报，将不会返还铜板',\r","chn":"主动删除海报，将不会返还铜板","lineNum":81,"startAt":18,"length":14},{"path":"src\\fe_h5_wanted_board\\src\\pages\\detail\\Detail.tsx","id":"src_fe_h5_wanted_board_src_pages_detail_Detail_tsx","raw":"        textL: '再想想',\r","chn":"再想想","lineNum":82,"startAt":16,"length":3},{"path":"src\\fe_h5_wanted_board\\src\\pages\\detail\\Detail.tsx","id":"src_fe_h5_wanted_board_src_pages_detail_Detail_tsx","raw":"        textR: '确认',\r","chn":"确认","lineNum":83,"startAt":16,"length":2},{"path":"src\\fe_h5_wanted_board\\src\\pages\\detail\\Detail.tsx","id":"src_fe_h5_wanted_board_src_pages_detail_Detail_tsx","raw":"              <div className={c('graydoor')}>小班已不存在</div>\r","chn":"小班已不存在","lineNum":198,"startAt":45,"length":6},{"path":"src\\fe_h5_wanted_board\\src\\pages\\detail\\Detail.tsx","id":"src_fe_h5_wanted_board_src_pages_detail_Detail_tsx","raw":"            <span>{postData.createdAt} 发布</span>\r","chn":"发布","lineNum":202,"startAt":39,"length":2},{"path":"src\\fe_h5_wanted_board\\src\\pages\\detail\\Detail.tsx","id":"src_fe_h5_wanted_board_src_pages_detail_Detail_tsx","raw":"                  删除\r","chn":"删除","lineNum":215,"startAt":18,"length":2},{"path":"src\\fe_h5_wanted_board\\src\\pages\\detail\\Rectangle.tsx","id":"src_fe_h5_wanted_board_src_pages_detail_Rectangle_tsx","raw":"      <div className={x('small')}>{`完成率${parseFloat(\r","chn":"完成率","lineNum":30,"startAt":36,"length":3},{"path":"src\\fe_h5_wanted_board\\src\\pages\\detail\\Rectangle.tsx","id":"src_fe_h5_wanted_board_src_pages_detail_Rectangle_tsx","raw":"      )}%，人数 ${group?.memberCount}/${Math.max(group?.countLimit, group?.memberCount)}`}</div>\r","chn":"，人数","lineNum":32,"startAt":9,"length":3},{"path":"src\\fe_h5_wanted_board\\src\\pages\\myposts\\MyPosts.tsx","id":"src_fe_h5_wanted_board_src_pages_myposts_MyPosts_tsx","raw":"            {!myposts.length && <NoContent text=\"暂时没有发布过海报哦\" />}\r","chn":"暂时没有发布过海报哦","lineNum":61,"startAt":49,"length":10},{"path":"src\\fe_h5_wanted_board\\src\\pages\\myposts\\MyPosts.tsx","id":"src_fe_h5_wanted_board_src_pages_myposts_MyPosts_tsx","raw":"                发布招募海报\r","chn":"发布招募海报","lineNum":83,"startAt":16,"length":6},{"path":"src\\fe_h5_wanted_board\\src\\utils\\group-type.ts","id":"src_fe_h5_wanted_board_src_utils_group-type_ts","raw":"    label: '普通小班',\r","chn":"普通小班","lineNum":17,"startAt":12,"length":4},{"path":"src\\fe_h5_wanted_board\\src\\utils\\group-type.ts","id":"src_fe_h5_wanted_board_src_utils_group-type_ts","raw":"    label: '官方小班',\r","chn":"官方小班","lineNum":28,"startAt":12,"length":4},{"path":"src\\fe_h5_wanted_board\\src\\utils\\group-type.ts","id":"src_fe_h5_wanted_board_src_utils_group-type_ts","raw":"    label: '教师小班',\r","chn":"教师小班","lineNum":39,"startAt":12,"length":4},{"path":"src\\fe_h5_wanted_board\\src\\utils\\openInternalLink.ts","id":"src_fe_h5_wanted_board_src_utils_openInternalLink_ts","raw":"        Toast.show('请升级至最新版本')\r","chn":"请升级至最新版本","lineNum":41,"startAt":20,"length":8},{"path":"src\\fe_h5_wanted_board\\src\\utils\\state.ts","id":"src_fe_h5_wanted_board_src_utils_state_ts","raw":"  if (n === -1) return '审核失败'\r","chn":"审核失败","lineNum":1,"startAt":24,"length":4},{"path":"src\\fe_h5_wanted_board\\src\\utils\\state.ts","id":"src_fe_h5_wanted_board_src_utils_state_ts","raw":"  if (n === 1) return '审核中'\r","chn":"审核中","lineNum":2,"startAt":23,"length":3},{"path":"src\\fe_h5_wanted_board\\src\\utils\\state.ts","id":"src_fe_h5_wanted_board_src_utils_state_ts","raw":"  if (n === 2) return '审核通过'\r","chn":"审核通过","lineNum":3,"startAt":23,"length":4},{"path":"src\\fe_h5_wanted_board\\src\\utils\\state.ts","id":"src_fe_h5_wanted_board_src_utils_state_ts","raw":"  return '未知'\r","chn":"未知","lineNum":4,"startAt":10,"length":2}]