[{"path":"src\\fe_lib_personal_tag\\src\\const.ts","id":"src_fe_lib_personal_tag_src_const_ts","raw":"  1: '早起晨读',\r","chn":"早起晨读","lineNum":1,"startAt":6,"length":4},{"path":"src\\fe_lib_personal_tag\\src\\const.ts","id":"src_fe_lib_personal_tag_src_const_ts","raw":"  2: '挑灯夜读',\r","chn":"挑灯夜读","lineNum":2,"startAt":6,"length":4},{"path":"src\\fe_lib_personal_tag\\src\\const.ts","id":"src_fe_lib_personal_tag_src_const_ts","raw":"  3: '佛系躺平',\r","chn":"佛系躺平","lineNum":3,"startAt":6,"length":4},{"path":"src\\fe_lib_personal_tag\\src\\const.ts","id":"src_fe_lib_personal_tag_src_const_ts","raw":"  4: '绝对不鸽',\r","chn":"绝对不鸽","lineNum":4,"startAt":6,"length":4},{"path":"src\\fe_lib_personal_tag\\src\\const.ts","id":"src_fe_lib_personal_tag_src_const_ts","raw":"  5: '白羊座',\r","chn":"白羊座","lineNum":5,"startAt":6,"length":3},{"path":"src\\fe_lib_personal_tag\\src\\const.ts","id":"src_fe_lib_personal_tag_src_const_ts","raw":"  6: '金牛座',\r","chn":"金牛座","lineNum":6,"startAt":6,"length":3},{"path":"src\\fe_lib_personal_tag\\src\\const.ts","id":"src_fe_lib_personal_tag_src_const_ts","raw":"  7: '双子座',\r","chn":"双子座","lineNum":7,"startAt":6,"length":3},{"path":"src\\fe_lib_personal_tag\\src\\const.ts","id":"src_fe_lib_personal_tag_src_const_ts","raw":"  8: '巨蟹座',\r","chn":"巨蟹座","lineNum":8,"startAt":6,"length":3},{"path":"src\\fe_lib_personal_tag\\src\\const.ts","id":"src_fe_lib_personal_tag_src_const_ts","raw":"  9: '狮子座',\r","chn":"狮子座","lineNum":9,"startAt":6,"length":3},{"path":"src\\fe_lib_personal_tag\\src\\const.ts","id":"src_fe_lib_personal_tag_src_const_ts","raw":"  10: '处女座',\r","chn":"处女座","lineNum":10,"startAt":7,"length":3},{"path":"src\\fe_lib_personal_tag\\src\\const.ts","id":"src_fe_lib_personal_tag_src_const_ts","raw":"  11: '天秤座',\r","chn":"天秤座","lineNum":11,"startAt":7,"length":3},{"path":"src\\fe_lib_personal_tag\\src\\const.ts","id":"src_fe_lib_personal_tag_src_const_ts","raw":"  12: '天蝎座',\r","chn":"天蝎座","lineNum":12,"startAt":7,"length":3},{"path":"src\\fe_lib_personal_tag\\src\\const.ts","id":"src_fe_lib_personal_tag_src_const_ts","raw":"  13: '射手座',\r","chn":"射手座","lineNum":13,"startAt":7,"length":3},{"path":"src\\fe_lib_personal_tag\\src\\const.ts","id":"src_fe_lib_personal_tag_src_const_ts","raw":"  14: '摩羯座',\r","chn":"摩羯座","lineNum":14,"startAt":7,"length":3},{"path":"src\\fe_lib_personal_tag\\src\\const.ts","id":"src_fe_lib_personal_tag_src_const_ts","raw":"  15: '水瓶座',\r","chn":"水瓶座","lineNum":15,"startAt":7,"length":3},{"path":"src\\fe_lib_personal_tag\\src\\const.ts","id":"src_fe_lib_personal_tag_src_const_ts","raw":"  16: '双鱼座',\r","chn":"双鱼座","lineNum":16,"startAt":7,"length":3},{"path":"src\\fe_lib_personal_tag\\src\\const.ts","id":"src_fe_lib_personal_tag_src_const_ts","raw":"  17: '红汤锅',\r","chn":"红汤锅","lineNum":17,"startAt":7,"length":3},{"path":"src\\fe_lib_personal_tag\\src\\const.ts","id":"src_fe_lib_personal_tag_src_const_ts","raw":"  18: '鸳鸯锅',\r","chn":"鸳鸯锅","lineNum":18,"startAt":7,"length":3},{"path":"src\\fe_lib_personal_tag\\src\\const.ts","id":"src_fe_lib_personal_tag_src_const_ts","raw":"  19: '穿秋裤',\r","chn":"穿秋裤","lineNum":19,"startAt":7,"length":3},{"path":"src\\fe_lib_personal_tag\\src\\const.ts","id":"src_fe_lib_personal_tag_src_const_ts","raw":"  20: '不穿秋裤',\r","chn":"不穿秋裤","lineNum":20,"startAt":7,"length":4},{"path":"src\\fe_lib_personal_tag\\src\\const.ts","id":"src_fe_lib_personal_tag_src_const_ts","raw":"  21: '猫猫',\r","chn":"猫猫","lineNum":21,"startAt":7,"length":2},{"path":"src\\fe_lib_personal_tag\\src\\const.ts","id":"src_fe_lib_personal_tag_src_const_ts","raw":"  22: '狗狗',\r","chn":"狗狗","lineNum":22,"startAt":7,"length":2},{"path":"src\\fe_lib_personal_tag\\src\\const.ts","id":"src_fe_lib_personal_tag_src_const_ts","raw":"    title: '学习style',\r","chn":"学习","lineNum":29,"startAt":12,"length":2},{"path":"src\\fe_lib_personal_tag\\src\\const.ts","id":"src_fe_lib_personal_tag_src_const_ts","raw":"    title: '星座',\r","chn":"星座","lineNum":34,"startAt":12,"length":2},{"path":"src\\fe_lib_personal_tag\\src\\const.ts","id":"src_fe_lib_personal_tag_src_const_ts","raw":"    title: '幸福二选一',\r","chn":"幸福二选一","lineNum":39,"startAt":12,"length":5},{"path":"src\\fe_lib_personal_tag\\src\\const.ts","id":"src_fe_lib_personal_tag_src_const_ts","raw":"    title: '幸福二选一',\r","chn":"幸福二选一","lineNum":44,"startAt":12,"length":5},{"path":"src\\fe_lib_personal_tag\\src\\const.ts","id":"src_fe_lib_personal_tag_src_const_ts","raw":"    title: '幸福二选一',\r","chn":"幸福二选一","lineNum":49,"startAt":12,"length":5}]