[{"path":"src\\fe_lib_deskmate_avatar\\src\\person\\person.tsx","id":"src_fe_lib_deskmate_avatar_src_person_person_tsx","raw":"      console.warn('deskmate_avatar width 和 height 同时设置时，以 width 为准');\r","chn":"和","lineNum":86,"startAt":42,"length":1},{"path":"src\\fe_lib_deskmate_avatar\\src\\person\\person.tsx","id":"src_fe_lib_deskmate_avatar_src_person_person_tsx","raw":"      console.warn('deskmate_avatar width 和 height 同时设置时，以 width 为准');\r","chn":"同时设置时，以","lineNum":86,"startAt":51,"length":7},{"path":"src\\fe_lib_deskmate_avatar\\src\\person\\person.tsx","id":"src_fe_lib_deskmate_avatar_src_person_person_tsx","raw":"      console.warn('deskmate_avatar width 和 height 同时设置时，以 width 为准');\r","chn":"为准","lineNum":86,"startAt":65,"length":2},{"path":"src\\fe_lib_deskmate_avatar\\src\\person\\person.tsx","id":"src_fe_lib_deskmate_avatar_src_person_person_tsx","raw":"      { id: 6, def: DECO4, pos: '书本' },\r","chn":"书本","lineNum":90,"startAt":33,"length":2},{"path":"src\\fe_lib_deskmate_avatar\\src\\person\\person.tsx","id":"src_fe_lib_deskmate_avatar_src_person_person_tsx","raw":"      { id: 1, def: DECO3, pos: '衣服' },\r","chn":"衣服","lineNum":91,"startAt":33,"length":2},{"path":"src\\fe_lib_deskmate_avatar\\src\\person\\person.tsx","id":"src_fe_lib_deskmate_avatar_src_person_person_tsx","raw":"      { id: 8, def: gadget, pos: '桌面' },\r","chn":"桌面","lineNum":92,"startAt":34,"length":2},{"path":"src\\fe_lib_deskmate_avatar\\src\\person\\person.tsx","id":"src_fe_lib_deskmate_avatar_src_person_person_tsx","raw":"      { id: 7, def: DECO2, pos: '发型' },\r","chn":"发型","lineNum":93,"startAt":33,"length":2},{"path":"src\\fe_lib_deskmate_avatar\\src\\person\\person.tsx","id":"src_fe_lib_deskmate_avatar_src_person_person_tsx","raw":"      { id: 5, def: DECO5, pos: '表情' },\r","chn":"表情","lineNum":95,"startAt":33,"length":2},{"path":"src\\fe_lib_deskmate_avatar\\src\\utils\\utils.ts","id":"src_fe_lib_deskmate_avatar_src_utils_utils_ts","raw":"  const specialGrade = ['其他', '无身份'];\r","chn":"其他","lineNum":70,"startAt":25,"length":2},{"path":"src\\fe_lib_deskmate_avatar\\src\\utils\\utils.ts","id":"src_fe_lib_deskmate_avatar_src_utils_utils_ts","raw":"  const specialGrade = ['其他', '无身份'];\r","chn":"无身份","lineNum":70,"startAt":31,"length":3},{"path":"src\\fe_lib_deskmate_avatar\\src\\utils\\utils.ts","id":"src_fe_lib_deskmate_avatar_src_utils_utils_ts","raw":"  return specialGrade.indexOf(grade || '') > -1 ? '大侠' : grade;\r","chn":"大侠","lineNum":71,"startAt":51,"length":2}]